Country Name,Country Code,Year,Actual,Predicted,Residual
Angola,AGO,2014,-1.736,-1.3069122,-0.4290878162384033
Angola,AGO,2015,-1.078,-1.4474175,0.3694174976348876
Angola,AGO,2016,-1.092,-1.2936423,0.20164228248596183
Angola,AGO,2017,-1.581,-1.6299458,0.04894575500488285
Angola,AGO,2018,-1.505,-1.4430928,-0.06190717697143544
Angola,AGO,2019,-1.204,-1.429333,0.22533297157287602
Albania,ALB,2014,-0.57,-0.23926389,-0.33073610782623286
Albania,ALB,2015,-0.745,0.15070131,-0.8957013142108917
Albania,ALB,2016,-0.66,-0.27330133,-0.3866986668109894
Albania,ALB,2017,-0.514,0.030583898,-0.5445838976055384
Albania,ALB,2018,-0.53,0.18552122,-0.7155212152004242
Albania,ALB,2019,-0.558,0.2749021,-0.832902105331421
United Arab Emirates,ARE,2014,0.145,0.0052304375,0.1397695625014603
United Arab Emirates,ARE,2015,0.205,-0.0647526,0.2697526010870933
United Arab Emirates,ARE,2016,0.141,-0.038353104,0.17935310414433478
United Arab Emirates,ARE,2017,0.3379999999999999,0.16991298,0.16808702099323264
United Arab Emirates,ARE,2018,0.3429999999999999,0.19318895,0.14981104958057395
United Arab Emirates,ARE,2019,0.3329999999999999,0.21648794,0.11651205587387076
Argentina,ARG,2014,0.083,0.39564657,-0.3126465721130371
Argentina,ARG,2015,0.035,0.47865486,-0.4436548614501953
Argentina,ARG,2016,-0.15,0.58857137,-0.7385713696479798
Argentina,ARG,2017,-0.136,0.6234963,-0.7594962940216065
Argentina,ARG,2018,-0.232,0.6828742,-0.9148742027282715
Argentina,ARG,2019,-0.203,0.69693005,-0.8999300508499146
Armenia,ARM,2014,-0.157,0.3426007,-0.49960070323944095
Armenia,ARM,2015,0.043,0.33236971,-0.2893697149753571
Armenia,ARM,2016,-0.118,0.1964459,-0.31444589722156524
Armenia,ARM,2017,-0.36,0.16927367,-0.5292736744880676
Armenia,ARM,2018,-0.313,0.16761342,-0.4806134169101715
Armenia,ARM,2019,-0.124,0.2846799,-0.4086798896789551
Australia,AUS,2014,-0.328,-0.014495877,-0.31350412338227035
Australia,AUS,2015,-0.242,0.3461478,-0.5881478054523468
Australia,AUS,2016,-0.236,0.34121662,-0.5772166237831116
Australia,AUS,2017,-0.396,0.30172548,-0.6977254769802094
Australia,AUS,2018,-0.345,-0.04299002,-0.30200997859239576
Australia,AUS,2019,-0.377,0.14172076,-0.5187207568883896
Austria,AUT,2014,1.7439999999999998,1.8017987,-0.057798701286316145
Austria,AUT,2015,1.77,1.8106698,-0.04066977977752684
Austria,AUT,2016,1.738,1.8631171,-0.12511709880828858
Austria,AUT,2017,1.687,1.8430953,-0.15609530258178705
Austria,AUT,2018,1.738,1.5866836,0.15131636905670165
Austria,AUT,2019,1.737,1.6439017,0.09309829425811778
Azerbaijan,AZE,2014,-1.155,-0.22900419,-0.9259958106279373
Azerbaijan,AZE,2015,-0.967,0.52998734,-1.4969873352050782
Azerbaijan,AZE,2016,-0.946,-0.41199628,-0.5340037248134613
Azerbaijan,AZE,2017,-1.119,-0.43472493,-0.6842750730514526
Azerbaijan,AZE,2018,-1.236,-0.16755374,-1.0684462622404098
Azerbaijan,AZE,2019,-0.827,0.26344806,-1.0904480595588684
Burkina Faso,BFA,2014,-0.966,-0.833464,-0.13253597354888913
Burkina Faso,BFA,2015,-1.189,-0.7048632,-0.4841368093490601
Burkina Faso,BFA,2016,-1.26,-0.8558949,-0.40410507678985597
Burkina Faso,BFA,2017,-1.264,-0.85787106,-0.40612894439697267
Burkina Faso,BFA,2018,-1.014,-0.90457016,-0.10942983770370485
Burkina Faso,BFA,2019,-0.884,-0.8834979,-0.0005021061897277912
Bangladesh,BGD,2014,-1.178,-0.9837583,-0.1942417292594909
Bangladesh,BGD,2015,-1.205,-0.85530996,-0.3496900367736817
Bangladesh,BGD,2016,-1.268,-0.85476846,-0.4132315449714661
Bangladesh,BGD,2017,-1.05,-0.49757516,-0.5524248361587525
Bangladesh,BGD,2018,-1.055,-0.5355797,-0.5194203186035156
Bangladesh,BGD,2019,-1.18,-0.35747147,-0.8225285339355468
Bulgaria,BGR,2014,0.482,0.43802643,0.043973571777343734
Bulgaria,BGR,2015,0.4469999999999999,0.5979268,-0.1509267954826356
Bulgaria,BGR,2016,0.426,0.60417813,-0.17817813062667848
Bulgaria,BGR,2017,0.474,0.5173679,-0.04336789941787722
Bulgaria,BGR,2018,0.574,0.5809851,-0.0069851288795471644
Bulgaria,BGR,2019,0.535,0.5892862,-0.054286208152770965
Bahrain,BHR,2014,0.492,-0.08125166,0.5732516584992409
Bahrain,BHR,2015,0.237,-0.18076186,0.4177618588209152
Bahrain,BHR,2016,0.233,-0.21966922,0.45266922283172606
Bahrain,BHR,2017,0.698,-0.2534882,0.9514882128238678
Bahrain,BHR,2018,0.54,-0.23847386,0.7784738624095917
Bahrain,BHR,2019,0.492,-0.30715078,0.7991507811546326
Bosnia and Herzegovina,BIH,2014,0.4089999999999999,0.4733938,-0.06439379787445076
Bosnia and Herzegovina,BIH,2015,0.213,0.53902656,-0.3260265583992005
Bosnia and Herzegovina,BIH,2016,0.278,0.9346635,-0.6566634745597839
Bosnia and Herzegovina,BIH,2017,0.3309999999999999,0.47102538,-0.14002537751197824
Bosnia and Herzegovina,BIH,2018,0.4429999999999999,0.4319799,0.01102010536193837
Bosnia and Herzegovina,BIH,2019,0.547,0.90601397,-0.3590139656066894
Bolivia,BOL,2014,-1.317,-0.7675475,-0.5494525117874145
Bolivia,BOL,2015,-1.122,-0.7176723,-0.40432771158218395
Bolivia,BOL,2016,-1.137,-0.6366764,-0.5003236289024353
Bolivia,BOL,2017,-1.159,-0.62400997,-0.5349900331497193
Bolivia,BOL,2018,-1.16,-0.5930199,-0.5669800972938537
Bolivia,BOL,2019,-0.964,-0.6848693,-0.2791307106018066
Brazil,BRA,2014,0.205,0.46293002,-0.2579300236701966
Brazil,BRA,2015,0.24,0.5101296,-0.27012957096099854
Brazil,BRA,2016,0.2829999999999999,0.60157883,-0.31857883167266854
Brazil,BRA,2017,0.1879999999999999,0.60029304,-0.41229304027557384
Brazil,BRA,2018,0.054,0.61252606,-0.5585260591506958
Brazil,BRA,2019,-0.002,0.44608814,-0.44808813524246216
Brunei Darussalam,BRN,2014,-0.641353415,-0.4476295,-0.19372390364364622
Brunei Darussalam,BRN,2015,-0.540414598,0.061627895,-0.6020424926399689
Brunei Darussalam,BRN,2016,-1.274322912,-0.17441212,-1.0999107955916518
Brunei Darussalam,BRN,2017,-1.336165465,-0.11316031,-1.2230051528242494
Brunei Darussalam,BRN,2018,-0.150663282,-0.04627119,-0.10439209195273591
Brunei Darussalam,BRN,2019,-0.273355295,-0.019500146,-0.253855149311347
Botswana,BWA,2014,-0.699,-0.39769745,-0.3013025512695312
Botswana,BWA,2015,-0.707,-0.16842356,-0.5385764367580413
Botswana,BWA,2016,-0.697,-0.1511005,-0.5458994985818862
Botswana,BWA,2017,-0.591,0.107213035,-0.6982130352258682
Botswana,BWA,2018,-0.784,0.09283145,-0.8768314477205277
Botswana,BWA,2019,-0.685,0.15097915,-0.8359791463613511
Canada,CAN,2014,0.717,0.6776356,0.03936438989639279
Canada,CAN,2015,0.646,0.6681693,-0.02216931962966917
Canada,CAN,2016,0.646,0.65527016,-0.009270159244537335
Canada,CAN,2017,0.737,0.8508712,-0.11387120532989503
Canada,CAN,2018,0.62,0.85055655,-0.23055655241012574
Canada,CAN,2019,0.637,0.68385434,-0.046854341506958
Switzerland,CHE,2014,2.242,2.128489,0.11351098251342773
Switzerland,CHE,2015,2.336,2.0585766,0.27742341613769517
Switzerland,CHE,2016,2.404,2.0585766,0.3454234161376952
Switzerland,CHE,2017,2.288,2.0585766,0.22942341613769512
Switzerland,CHE,2018,2.246,2.0585766,0.1874234161376953
Switzerland,CHE,2019,2.217,2.0585766,0.1584234161376954
Chile,CHL,2014,-0.386,-0.031631287,-0.35436871281266213
Chile,CHL,2015,-0.366,0.021735553,-0.3877355526983738
Chile,CHL,2016,-0.398,0.06091256,-0.45891256067156794
Chile,CHL,2017,-0.421,0.044147294,-0.4651472940146923
Chile,CHL,2018,-0.358,0.07839992,-0.4363999189734459
Chile,CHL,2019,-0.413,0.39236283,-0.8053628330230713
China,CHN,2014,1.184,0.8252912,0.35870878362655634
China,CHN,2015,1.107,0.75979286,0.34720713567733763
China,CHN,2016,1.108,0.741765,0.36623497772216806
China,CHN,2017,1.159,0.73726696,0.42173304224014285
China,CHN,2018,1.139,0.7421925,0.3968074932098389
China,CHN,2019,1.177,0.7505829,0.4264171261787415
Cote d'Ivoire,CIV,2014,-0.893,-0.98249674,0.08949673843383787
Cote d'Ivoire,CIV,2015,-0.747,-0.9553123,0.2083123116493225
Cote d'Ivoire,CIV,2016,-0.941,-0.92320824,-0.01779176330566401
Cote d'Ivoire,CIV,2017,-0.663,-1.1754383,0.5124382848739624
Cote d'Ivoire,CIV,2018,-0.802,-1.1515785,0.3495785455703735
Cote d'Ivoire,CIV,2019,-1.1,-1.0233662,-0.07663378715515146
Cameroon,CMR,2014,-0.747,-0.9949233,0.24792329359054566
Cameroon,CMR,2015,-0.738,-0.9939358,0.25593582344055177
Cameroon,CMR,2016,-1.079,-0.97719425,-0.1018057503700256
Cameroon,CMR,2017,-1.01,-0.9938063,-0.016193697452545175
Cameroon,CMR,2018,-1.311,-0.9433683,-0.36763168430328363
Cameroon,CMR,2019,-1.346,-0.90836287,-0.43763713455200204
"Congo, Dem. Rep.",COD,2014,-1.617,-1.4230992,-0.19390083980560302
"Congo, Dem. Rep.",COD,2015,-1.385,-1.505136,0.12013601303100585
"Congo, Dem. Rep.",COD,2016,-1.542,-1.3703994,-0.17160064411163334
"Congo, Dem. Rep.",COD,2017,-1.3,-1.3021227,0.002122712135314897
"Congo, Dem. Rep.",COD,2018,-1.76,-1.2942199,-0.46578014850616456
"Congo, Dem. Rep.",COD,2019,-1.095,-1.3124776,0.21747758865356448
"Congo, Rep.",COG,2014,-1.222,-1.5382901,0.3162901430130005
"Congo, Rep.",COG,2015,-1.32,-0.97517663,-0.34482336759567267
"Congo, Rep.",COG,2016,-0.598,-0.8475378,0.24953781557083132
"Congo, Rep.",COG,2017,-0.572,-1.1239378,0.5519378452301026
"Congo, Rep.",COG,2018,-1.184,-1.5699686,0.38596858119964605
"Congo, Rep.",COG,2019,-1.084,-1.2946432,0.2106431636810302
Colombia,COL,2014,0.113,0.36652395,-0.253523951292038
Colombia,COL,2015,0.113,0.34696206,-0.23396206450462342
Colombia,COL,2016,0.054,0.3296047,-0.2756046853065491
Colombia,COL,2017,0.242,0.42148742,-0.17948742079734803
Colombia,COL,2018,0.119,0.34805447,-0.2290544686317444
Colombia,COL,2019,1.3877787807814457e-17,0.3890114,-0.389011412858963
Costa Rica,CRI,2014,0.3399999999999999,0.49091834,-0.1509183382987977
Costa Rica,CRI,2015,0.263,0.44312647,-0.18012646985054015
Costa Rica,CRI,2016,0.171,0.42158654,-0.25058654332160946
Costa Rica,CRI,2017,0.092,0.7320093,-0.6400092916488648
Costa Rica,CRI,2018,0.159,0.7996346,-0.640634575843811
Costa Rica,CRI,2019,0.169,0.818208,-0.6492079792022705
Cyprus,CYP,2014,0.558,1.0136479,-0.45564791393280024
Cyprus,CYP,2015,0.4479999999999999,1.0224161,-0.574416114807129
Cyprus,CYP,2016,0.4449999999999999,1.0649506,-0.6199505853652956
Cyprus,CYP,2017,0.599,0.7803374,-0.18133739328384402
Cyprus,CYP,2018,0.4179999999999999,0.77321684,-0.3552168436050416
Cyprus,CYP,2019,0.49,0.6868016,-0.19680161237716676
Czechia,CZE,2014,1.845,1.6147704,0.23022958755493161
Czechia,CZE,2015,1.779,1.5659724,0.2130275526046752
Czechia,CZE,2016,1.825,1.5743192,0.25068075656890865
Czechia,CZE,2017,1.809,1.574099,0.23490105533599848
Czechia,CZE,2018,1.794,1.4528295,0.3411705198287964
Czechia,CZE,2019,1.794,1.4811405,0.3128595056533814
Germany,DEU,2014,2.143,2.2300315,-0.08703149032592794
Germany,DEU,2015,2.243,2.2292562,0.01374384689331043
Germany,DEU,2016,2.231,2.2225006,0.008499437332153192
Germany,DEU,2017,2.129,2.2124436,-0.08344359016418457
Germany,DEU,2018,2.107,2.2047646,-0.09776460456848124
Germany,DEU,2019,2.072,2.2269437,-0.15494373130798333
Denmark,DNK,2014,1.114,1.3713477,-0.25734766578674306
Denmark,DNK,2015,1.1,1.4026418,-0.30264177322387686
Denmark,DNK,2016,1.147,1.4359851,-0.28898508834838865
Denmark,DNK,2017,1.08,1.4788724,-0.3988724184036254
Denmark,DNK,2018,1.024,1.4549212,-0.43092124557495115
Denmark,DNK,2019,1.059,1.7558774,-0.6968773756027222
Dominican Republic,DOM,2014,-0.297,-0.5154025,0.21840249586105348
Dominican Republic,DOM,2015,-0.239,-0.4188388,0.1798387989997864
Dominican Republic,DOM,2016,-0.246,-0.46371058,0.21771057629585266
Dominican Republic,DOM,2017,-0.163,-0.43940723,0.2764072294235229
Dominican Republic,DOM,2018,-0.138,-0.43939534,0.30139533829689025
Dominican Republic,DOM,2019,-0.27,-0.11668968,-0.15331031799316408
Algeria,DZA,2014,-1.403,-1.139398,-0.2636020212173462
Algeria,DZA,2015,-1.626,-0.57830524,-1.047694755554199
Algeria,DZA,2016,-0.959,-0.27409676,-0.6849032428264618
Algeria,DZA,2017,-0.935,-0.39404064,-0.5409593558311463
Algeria,DZA,2018,-1.578,-0.39585364,-1.1821463613510133
Algeria,DZA,2019,-1.025,-0.45155984,-0.5734401583671569
Ecuador,ECU,2014,-1.156,-0.71500987,-0.4409901318550109
Ecuador,ECU,2015,-0.99,-0.54396117,-0.44603883266448974
Ecuador,ECU,2016,-1.046,-0.5671762,-0.47882377719879154
Ecuador,ECU,2017,-1.027,-0.5822621,-0.4447379012107848
Ecuador,ECU,2018,-1.015,-0.5705954,-0.4444046163558959
Ecuador,ECU,2019,-1.184,-0.5977965,-0.5862035002708434
"Egypt, Arab Rep.",EGY,2014,-0.157,-0.1643203,0.007320304989814758
"Egypt, Arab Rep.",EGY,2015,-0.203,-0.2878848,0.08488480162620543
"Egypt, Arab Rep.",EGY,2016,-0.174,-0.23186275,0.05786275362968446
"Egypt, Arab Rep.",EGY,2017,-0.058,-0.3425387,0.2845387144088745
"Egypt, Arab Rep.",EGY,2018,-0.151,-0.14102618,-0.009973816037178035
"Egypt, Arab Rep.",EGY,2019,-0.144,-0.28899658,0.14499657726287843
Spain,ESP,2014,0.811,1.4318522,-0.6208522214889526
Spain,ESP,2015,0.745,1.4613127,-0.7163126516342163
Spain,ESP,2016,0.742,1.4378462,-0.6958461837768555
Spain,ESP,2017,0.657,1.4177052,-0.7607051782608032
Spain,ESP,2018,0.642,1.4037697,-0.7617697315216064
Spain,ESP,2019,0.633,1.4577454,-0.8247454328536987
Ethiopia,ETH,2014,-1.135,-1.0559418,-0.07905817985534669
Ethiopia,ETH,2015,-0.945,-1.010618,0.06561797142028813
Ethiopia,ETH,2016,-1.061,-1.0178581,-0.04314185237884516
Ethiopia,ETH,2017,-1.056,-1.0452503,-0.010749703407287647
Ethiopia,ETH,2018,-0.983,-0.9099067,-0.07309331464767455
Ethiopia,ETH,2019,-1.155,-0.8096412,-0.3453588175773621
Finland,FIN,2014,1.687,1.8281078,-0.14110783386230463
Finland,FIN,2015,1.615,1.8626606,-0.24766064643859864
Finland,FIN,2016,1.548,1.8304207,-0.2824207324981689
Finland,FIN,2017,1.607,1.8190095,-0.21200954246520998
Finland,FIN,2018,1.587,1.8673536,-0.28035355854034427
Finland,FIN,2019,1.441,1.912737,-0.4717370119094848
France,FRA,2014,1.485,1.7247168,-0.23971678256988516
France,FRA,2015,1.464,1.670075,-0.20607505893707279
France,FRA,2016,1.45,1.6674837,-0.21748368740081792
France,FRA,2017,1.391,1.6783175,-0.2873175468444824
France,FRA,2018,1.404,1.6939292,-0.2899291954040528
France,FRA,2019,1.365,1.7016245,-0.3366245126724243
Gabon,GAB,2014,-0.638,-0.88096786,0.2429678554534912
Gabon,GAB,2015,-0.428,-0.90618974,0.4781897397041321
Gabon,GAB,2016,-0.609,-0.85937977,0.25037976837158205
Gabon,GAB,2017,-0.668,-0.7929708,0.12497077655792233
Gabon,GAB,2018,-0.65,-0.73128533,0.08128533363342283
Gabon,GAB,2019,-1.243,-0.75998783,-0.48301216888427745
United Kingdom,GBR,2014,1.768,1.5219184,0.24608158397674562
United Kingdom,GBR,2015,1.772,1.4807992,0.29120080184936525
United Kingdom,GBR,2016,1.715,1.5781891,0.13681086540222176
United Kingdom,GBR,2017,1.645,1.5414321,0.10356785774230959
United Kingdom,GBR,2018,1.711,1.5854063,0.12559369659423836
United Kingdom,GBR,2019,1.709,1.513287,0.19571305179595955
Georgia,GEO,2014,-0.257,0.28446853,-0.5414685316085815
Georgia,GEO,2015,-0.27,0.5996338,-0.8696338129043579
Georgia,GEO,2016,-0.378,0.8724788,-1.2504787831306459
Georgia,GEO,2017,-0.204,0.7540891,-0.9580891170501709
Georgia,GEO,2018,-0.078,0.72332424,-0.8013242392539978
Georgia,GEO,2019,-0.102,0.7387958,-0.8407958168983459
Ghana,GHA,2014,-0.745,-0.78184843,0.036848430633544926
Ghana,GHA,2015,-0.743,-0.82017255,0.07717254829406739
Ghana,GHA,2016,-0.903,-0.84448946,-0.05851054477691653
Ghana,GHA,2017,-0.901,-0.8205613,-0.08043871021270754
Ghana,GHA,2018,-0.996,-0.8200496,-0.17595041608810424
Ghana,GHA,2019,-0.994,-0.8582568,-0.13574318313598632
Guinea,GIN,2014,-1.629,-0.6818601,-0.947139910697937
Guinea,GIN,2015,-1.273,-0.6688891,-0.6041108946800231
Guinea,GIN,2016,-1.448,-1.3561974,-0.09180264282226558
Guinea,GIN,2017,-1.709,-1.5205193,-0.1884807434082032
Guinea,GIN,2018,-1.28,-1.497294,0.21729394912719724
Guinea,GIN,2019,-1.386,-0.69866925,-0.6873307452201842
Equatorial Guinea,GNQ,2014,-1.74,-1.2680641,-0.47193585872650146
Equatorial Guinea,GNQ,2015,-1.339,-1.4806725,0.14167247867584232
Equatorial Guinea,GNQ,2016,-1.608,-0.85771894,-0.7502810554504395
Equatorial Guinea,GNQ,2017,-1.438,-0.9885727,-0.4494272832870483
Equatorial Guinea,GNQ,2018,-1.666,-0.9349825,-0.7310175213813781
Equatorial Guinea,GNQ,2019,-1.901,-0.9537767,-0.9472232828140259
Greece,GRC,2014,0.1,0.5222372,-0.4222371816635132
Greece,GRC,2015,0.038,0.8584306,-0.8204306240081787
Greece,GRC,2016,0.094,0.924466,-0.8304660139083863
Greece,GRC,2017,0.128,0.8425546,-0.7145546288490295
Greece,GRC,2018,0.006,0.4609446,-0.45494459295272827
Greece,GRC,2019,0.039,0.59159446,-0.5525944576263427
Guatemala,GTM,2014,-0.394,-0.50641674,0.11241673803329466
Guatemala,GTM,2015,-0.317,-0.4933996,0.17639959025382995
Guatemala,GTM,2016,-0.398,-0.5018117,0.10381168317794798
Guatemala,GTM,2017,-0.444,-0.61730504,0.17330504035949706
Guatemala,GTM,2018,-0.401,-0.41256267,0.011562668323516823
Guatemala,GTM,2019,-0.449,-0.47658566,0.02758565640449523
Honduras,HND,2014,-0.439,-0.63601375,0.19701374626159668
Honduras,HND,2015,-0.619,-0.39025146,-0.22874854230880737
Honduras,HND,2016,-0.685,-0.3669076,-0.3180924034118653
Honduras,HND,2017,-0.624,-0.40800586,-0.21599413657188415
Honduras,HND,2018,-0.391,-0.5324807,0.14148071670532225
Honduras,HND,2019,-0.648,-0.31046903,-0.3375309686660767
Croatia,HRV,2014,0.734,1.0843226,-0.3503225717544556
Croatia,HRV,2015,0.714,1.1065153,-0.39251528835296634
Croatia,HRV,2016,0.841,1.0916544,-0.25065441989898685
Croatia,HRV,2017,0.775,1.129732,-0.35473201274871824
Croatia,HRV,2018,0.772,1.1299161,-0.35791607189178465
Croatia,HRV,2019,0.7979999999999999,1.1335541,-0.3355541009902955
Hungary,HUN,2014,1.493,1.2160225,0.276977508544922
Hungary,HUN,2015,1.441,1.2564062,0.18459381198883063
Hungary,HUN,2016,1.435,1.268395,0.1666050529479981
Hungary,HUN,2017,1.408,1.2718865,0.13611353206634513
Hungary,HUN,2018,1.423,1.1729299,0.2500701169967652
Hungary,HUN,2019,1.446,1.1440495,0.30195047473907466
Indonesia,IDN,2014,-0.128,-0.10907321,-0.018926793217659
Indonesia,IDN,2015,-0.14,-0.10765341,-0.03234659075737001
Indonesia,IDN,2016,-0.174,-0.069408424,-0.10459157580137252
Indonesia,IDN,2017,-0.111,-0.049773917,-0.0612260833978653
Indonesia,IDN,2018,-0.081,-0.14764944,0.06664943718910217
Indonesia,IDN,2019,-0.135,-0.11399984,-0.0210001564025879
India,IND,2014,0.251,0.30702284,-0.05602283978462219
India,IND,2015,0.229,0.19497952,0.03402048134803773
India,IND,2016,0.278,0.16004306,0.11795693922042849
India,IND,2017,0.3289999999999999,0.2274088,0.10159120345115652
India,IND,2018,0.481,0.22252673,0.2584732708930969
India,IND,2019,0.355,0.27122048,0.08377952456474302
Ireland,IRL,2014,1.339,1.6893064,-0.350306378364563
Ireland,IRL,2015,1.341,1.7088144,-0.3678143825531006
Ireland,IRL,2016,1.497,1.7159641,-0.21896407890319813
Ireland,IRL,2017,1.509,1.72512,-0.2161199483871461
Ireland,IRL,2018,1.573,1.7357984,-0.16279835891723637
Ireland,IRL,2019,1.502,1.7446694,-0.24266943740844726
"Iran, Islamic Rep.",IRN,2014,-0.339,-0.17960869,-0.15939131224155428
"Iran, Islamic Rep.",IRN,2015,-0.261,0.2158421,-0.4768420979976654
"Iran, Islamic Rep.",IRN,2016,-0.257,0.26499033,-0.5219903297424316
"Iran, Islamic Rep.",IRN,2017,-0.2,0.061453763,-0.2614537633955479
"Iran, Islamic Rep.",IRN,2018,-0.265,0.18675466,-0.45175465881824495
"Iran, Islamic Rep.",IRN,2019,0.004,0.3244678,-0.32046780800819397
Iraq,IRQ,2014,-2.825,-1.2921307,-1.5328692913055422
Iraq,IRQ,2015,-1.478,-0.94350356,-0.5344964413642883
Iraq,IRQ,2016,-1.888,-0.93248266,-0.955517340183258
Iraq,IRQ,2017,-1.437,-1.059572,-0.37742801856994634
Iraq,IRQ,2018,-1.532,-0.96238494,-0.5696150608062744
Iraq,IRQ,2019,-1.575,-1.0035036,-0.5714964389801025
Israel,ISR,2014,1.314,1.3325124,-0.018512378692626896
Israel,ISR,2015,1.372,1.3478012,0.02419879150390636
Israel,ISR,2016,1.344,1.3478012,-0.0038012084960936665
Israel,ISR,2017,1.445,1.3478012,0.09719879150390631
Israel,ISR,2018,1.39,1.3238103,0.06618966102600088
Israel,ISR,2019,1.476,1.3549622,0.12103777027130125
Italy,ITA,2014,1.315,1.2579594,0.057040634155273384
Italy,ITA,2015,1.317,1.2568618,0.06013819408416743
Italy,ITA,2016,1.327,1.17198,0.15501997661590572
Italy,ITA,2017,1.278,1.305544,-0.02754401874542234
Italy,ITA,2018,1.282,1.3611953,-0.0791953258514404
Italy,ITA,2019,1.279,1.323169,-0.044168992996215906
Jamaica,JAM,2014,-0.426,-0.18463404,-0.2413659552335739
Jamaica,JAM,2015,-0.466,-0.19120853,-0.2747914735078812
Jamaica,JAM,2016,-0.414,-0.10921013,-0.3047898664474487
Jamaica,JAM,2017,-0.499,-0.08104054,-0.41795946115255356
Jamaica,JAM,2018,-0.426,-0.16294545,-0.2630545506477356
Jamaica,JAM,2019,-0.24,-0.13403971,-0.10596028506755828
Japan,JPN,2014,2.47,1.9466543,0.5233456802368166
Japan,JPN,2015,2.57,2.23471,0.33529002189636214
Japan,JPN,2016,2.638,1.8578873,0.7801127319335937
Japan,JPN,2017,2.527,1.8578873,0.6691127319335939
Japan,JPN,2018,2.555,1.8578873,0.6971127319335939
Japan,JPN,2019,2.549,1.8496739,0.699326132774353
Kazakhstan,KAZ,2014,-0.083,-0.037302256,-0.04569774436950684
Kazakhstan,KAZ,2015,-0.501,0.06830889,-0.5693088898658752
Kazakhstan,KAZ,2016,-0.347,0.35138163,-0.698381629705429
Kazakhstan,KAZ,2017,-0.473,-0.0070581,-0.4659419001564383
Kazakhstan,KAZ,2018,-0.319,0.21996483,-0.5389648320674896
Kazakhstan,KAZ,2019,-0.23,0.19931073,-0.4293107348680496
Kenya,KEN,2014,-0.648,-0.57630324,-0.07169675636291506
Kenya,KEN,2015,-0.475,-0.5640689,0.08906891345977785
Kenya,KEN,2016,-0.498,-0.60389864,0.10589864444732666
Kenya,KEN,2017,-0.64,-0.58952403,-0.05047596931457521
Kenya,KEN,2018,-0.506,-0.5267513,0.020751279830932612
Kenya,KEN,2019,-0.436,-0.51374036,0.07774036073684693
Kyrgyz Republic,KGZ,2014,-0.447,-0.15809114,-0.2889088572263718
Kyrgyz Republic,KGZ,2015,-0.032,-0.076529846,0.0445298455953598
Kyrgyz Republic,KGZ,2016,-0.023,-0.12598763,0.10298763406276704
Kyrgyz Republic,KGZ,2017,-0.193,-0.002813929,-0.1901860710065812
Kyrgyz Republic,KGZ,2018,-0.218,0.14423439,-0.36223438906669614
Kyrgyz Republic,KGZ,2019,-0.268,0.2802808,-0.5482807986736298
"Korea, Rep.",KOR,2014,1.873,1.4826213,0.39037868785858154
"Korea, Rep.",KOR,2015,1.974,1.3206915,0.653308533668518
"Korea, Rep.",KOR,2016,2.087,1.3206915,0.7663085336685183
"Korea, Rep.",KOR,2017,2.046,1.7501706,0.29582941150665265
"Korea, Rep.",KOR,2018,2.112,1.5335634,0.5784366245269776
"Korea, Rep.",KOR,2019,2.198,1.5055166,0.6924833517074584
Kuwait,KWT,2014,0.063,0.012474005,0.05052599488943815
Kuwait,KWT,2015,0.152,-0.3451634,0.49716340494155886
Kuwait,KWT,2016,0.121,-0.2723404,0.39334038710594177
Kuwait,KWT,2017,-0.004,-0.3098341,0.3058340928554535
Kuwait,KWT,2018,-0.001,-0.3758133,0.3748133053779602
Kuwait,KWT,2019,0.4189999999999999,-0.34254187,0.7615418734550474
Lao PDR,LAO,2014,-1.024,-1.2358886,0.21188860034942625
Lao PDR,LAO,2015,-0.948,-1.0307444,0.08274443340301518
Lao PDR,LAO,2016,-0.84,-0.9872671,0.14726707696914676
Lao PDR,LAO,2017,-0.984,-0.6268208,-0.35717919731140135
Lao PDR,LAO,2018,-0.903,-0.57242066,-0.33057934331893923
Lao PDR,LAO,2019,-0.805,-0.6028225,-0.20217751741409307
Liberia,LBR,2014,-1.068,-0.79491997,-0.2730800323486329
Liberia,LBR,2015,-1.186,-0.79704237,-0.38895763015747065
Liberia,LBR,2016,-0.857,-0.928184,0.07118397283554079
Liberia,LBR,2017,-0.308,-1.0386385,0.7306384725570678
Liberia,LBR,2018,-0.379,-0.95941913,0.5804191312789917
Liberia,LBR,2019,-0.849,-1.0713145,0.22231445407867434
Libya,LBY,2014,-1.36,-0.5883135,-0.7716864800453187
Libya,LBY,2015,-1.187,-0.23796141,-0.9490385885238648
Libya,LBY,2016,-0.977,-0.14468089,-0.8323191125392914
Libya,LBY,2017,-1.069,-0.4626211,-0.6063789072036743
Libya,LBY,2018,-1.41,-0.5139344,-0.8960656261444091
Libya,LBY,2019,-1.425,-0.69026613,-0.7347338676452637
Sri Lanka,LKA,2014,-0.58,-0.53476405,-0.04523594856262203
Sri Lanka,LKA,2015,-0.601,-0.5350015,-0.06599848365783689
Sri Lanka,LKA,2016,-0.588,-0.34678885,-0.24121114659309384
Sri Lanka,LKA,2017,-0.497,-0.29895467,-0.19804533433914184
Sri Lanka,LKA,2018,-0.599,-0.20319028,-0.39580971801280973
Sri Lanka,LKA,2019,-0.643,-0.19027382,-0.45272617864608766
Morocco,MAR,2014,-0.729,-0.60678256,-0.12221744441986082
Morocco,MAR,2015,-0.828,-0.6027565,-0.22524349975585933
Morocco,MAR,2016,-0.809,-0.5926308,-0.21636919641494756
Morocco,MAR,2017,-0.736,-0.60411495,-0.13188505029678343
Morocco,MAR,2018,-0.759,-0.6001398,-0.1588602032661438
Morocco,MAR,2019,-0.689,-0.6001398,-0.08886020326614374
Madagascar,MDG,2014,-1.232,-1.0623806,-0.16961944770812987
Madagascar,MDG,2015,-1.186,-0.9579661,-0.22803391075134272
Madagascar,MDG,2016,-1.335,-0.91404057,-0.4209594345092773
Madagascar,MDG,2017,-1.377,-0.9663719,-0.41062810611724854
Madagascar,MDG,2018,-1.39,-0.91454583,-0.47545416593551626
Madagascar,MDG,2019,-1.494,-1.0824742,-0.4115257682800293
Mexico,MEX,2014,1.024,0.80073595,0.22326404953002932
Mexico,MEX,2015,1.15,0.48849186,0.6615081369876861
Mexico,MEX,2016,1.0980000000000003,0.46472827,0.6332717339992526
Mexico,MEX,2017,0.981,0.50278616,0.4782138404846191
Mexico,MEX,2018,0.993,0.49898,0.49402001428604125
Mexico,MEX,2019,1.04,0.2822882,0.7577118062973023
North Macedonia,MKD,2014,-0.132,-0.13186385,-0.00013615262508392956
North Macedonia,MKD,2015,-0.074,-0.0787222,0.004722201287746433
North Macedonia,MKD,2016,0.017,-0.031755693,0.04875569325685501
North Macedonia,MKD,2017,-0.001,-0.009766436,0.00876643618196249
North Macedonia,MKD,2018,0.032,-0.059201937,0.0912019371688366
North Macedonia,MKD,2019,0.104,-0.050788064,0.15478806355595587
Mali,MLI,2014,-1.258,-0.8973018,-0.3606982069015503
Mali,MLI,2015,-0.823,-0.8718786,0.04887862396240239
Mali,MLI,2016,-0.531,-0.8973018,0.3663017930984497
Mali,MLI,2017,-0.669,-0.9776413,0.30864128446578976
Mali,MLI,2018,-0.641,-1.0708193,0.42981925868988036
Mali,MLI,2019,-0.351,-1.0266517,0.6756517400741577
Myanmar,MMR,2014,-1.619,-0.65879667,-0.9602033319473267
Myanmar,MMR,2015,-1.468,-0.5733163,-0.8946837239265442
Myanmar,MMR,2016,-1.283,-0.7421187,-0.5408812837600707
Myanmar,MMR,2017,-1.122,-0.802327,-0.3196730227470399
Myanmar,MMR,2018,-0.997,-0.51133776,-0.4856622428894043
Myanmar,MMR,2019,-1.344,-0.47125316,-0.8727468433380128
Mongolia,MNG,2014,-1.462,-0.9417005,-0.5202994818687439
Mongolia,MNG,2015,-1.222,-0.9004781,-0.3215218753814697
Mongolia,MNG,2016,-0.959,-0.9210378,-0.0379622068405151
Mongolia,MNG,2017,-1.148,-0.94207245,-0.20592754888534537
Mongolia,MNG,2018,-1.162,-0.9573347,-0.2046653027534484
Mongolia,MNG,2019,-1.332,-1.2180808,-0.11391924095153816
Mozambique,MOZ,2014,-1.22,-1.1186669,-0.10133311271667478
Mozambique,MOZ,2015,-1.176,-0.88877606,-0.28722393608093255
Mozambique,MOZ,2016,-1.148,-0.8981073,-0.24989270973205557
Mozambique,MOZ,2017,-1.29,-0.92866707,-0.3613329315185547
Mozambique,MOZ,2018,-1.301,-0.9370607,-0.36393928623199456
Mozambique,MOZ,2019,-1.334,-0.90436333,-0.4296366658210755
Mauritania,MRT,2014,-0.864,-1.4411253,0.5771252737045288
Mauritania,MRT,2015,-1.521,-1.4312817,-0.08971831417083731
Mauritania,MRT,2016,-1.656,-1.2949251,-0.36107490634918205
Mauritania,MRT,2017,-1.679,-1.1940384,-0.4849616088867188
Mauritania,MRT,2018,-1.325,-0.97550666,-0.3494933366775512
Mauritania,MRT,2019,-1.621,-0.92124134,-0.6997586569786072
Malawi,MWI,2014,-0.587,-1.0886023,0.5016023044586182
Malawi,MWI,2015,-0.676,-0.8697632,0.1937631955146789
Malawi,MWI,2016,-1.345,-0.9224919,-0.4225080919265747
Malawi,MWI,2017,-1.113,-0.69657326,-0.4164267425537109
Malawi,MWI,2018,-0.908,-0.88751894,-0.02048105764389041
Malawi,MWI,2019,-1.2,-0.8028752,-0.3971247792243957
Malaysia,MYS,2014,0.98,0.6375262,0.34247378587722777
Malaysia,MYS,2015,1.124,0.4501877,0.673812287092209
Malaysia,MYS,2016,1.144,0.46760276,0.6763972404003142
Malaysia,MYS,2017,1.138,0.3516385,0.7863615040779113
Malaysia,MYS,2018,1.211,0.52421546,0.6867845401763917
Malaysia,MYS,2019,1.2090000000000003,0.52353805,0.6854619469642642
Namibia,NAM,2014,-0.244,-0.36176604,0.1177660403251648
Namibia,NAM,2015,-0.299,-0.3829301,0.08393009996414186
Namibia,NAM,2016,-0.452,-0.36857557,-0.08342442703247072
Namibia,NAM,2017,-0.509,-0.40703845,-0.10196154975891114
Namibia,NAM,2018,-0.417,-0.45547223,0.0384722309112549
Namibia,NAM,2019,-0.522,-0.50180995,-0.020190045356750508
Niger,NER,2014,-0.894,-1.0722572,0.17825716114044188
Niger,NER,2015,-1.453,-1.1041363,-0.34886365222930915
Niger,NER,2016,-0.958,-1.1121408,0.1541407747268677
Niger,NER,2017,-0.896,-1.0374856,0.14148559951782225
Niger,NER,2018,-0.751,-0.7931039,0.04210387372970581
Niger,NER,2019,-0.62,-0.6788882,0.058888201713562016
Nigeria,NGA,2014,-1.151,-0.9493733,-0.20162669515609744
Nigeria,NGA,2015,-1.345,-0.60774446,-0.7372555446624756
Nigeria,NGA,2016,-1.756,-0.48791978,-1.2680802223682404
Nigeria,NGA,2017,-1.698,-0.63052964,-1.0674703578948974
Nigeria,NGA,2018,-1.734,-0.5341731,-1.19982692861557
Nigeria,NGA,2019,-1.529,-0.59717077,-0.9318292298316955
Nicaragua,NIC,2014,-1.003,-0.68447113,-0.31852886962890614
Nicaragua,NIC,2015,-1.134,-0.67624617,-0.45775383377075185
Nicaragua,NIC,2016,-1.085,-0.65215003,-0.43284996509552
Nicaragua,NIC,2017,-1.142,-0.62261516,-0.5193848414421081
Nicaragua,NIC,2018,-0.992,-0.7381968,-0.2538032097816467
Nicaragua,NIC,2019,-1.044,-0.71558243,-0.3284175696372986
Netherlands,NLD,2014,1.17,1.3185575,-0.14855750083923347
Netherlands,NLD,2015,1.219,1.4863625,-0.26736245727539054
Netherlands,NLD,2016,1.181,1.6833583,-0.5023583116531372
Netherlands,NLD,2017,1.128,1.7393605,-0.6113604516983033
Netherlands,NLD,2018,1.135,1.6867256,-0.5517256164550781
Netherlands,NLD,2019,1.089,1.8148075,-0.7258075342178345
Norway,NOR,2014,0.871,0.98238087,-0.11138086700439453
Norway,NOR,2015,0.929,0.965766,-0.03676601266860957
Norway,NOR,2016,0.901,0.957395,-0.056395017147064186
Norway,NOR,2017,0.82,0.95947075,-0.13947074890136724
Norway,NOR,2018,0.734,0.9786212,-0.24462118482589723
Norway,NOR,2019,0.632,0.8891963,-0.2571962766647339
Nepal,NPL,2014,-0.201,-0.40141073,0.2004107286930084
Nepal,NPL,2015,-0.361,-0.42971927,0.0687192692756653
Nepal,NPL,2016,-0.407,-0.4470608,0.0400607936382294
Nepal,NPL,2017,-0.195,-0.52478105,0.3297810482978821
Nepal,NPL,2018,-0.205,-0.3900221,0.18502209901809694
Nepal,NPL,2019,-0.336,-0.39218965,0.05618965172767637
New Zealand,NZL,2014,0.2939999999999999,0.6375951,-0.3435951170921327
New Zealand,NZL,2015,0.262,0.7498785,-0.48787852573394774
New Zealand,NZL,2016,0.2939999999999999,1.6569521,-1.3629521427154543
New Zealand,NZL,2017,0.256,1.3083161,-1.0523161115646362
New Zealand,NZL,2018,0.2869999999999999,0.825752,-0.5387520198822022
New Zealand,NZL,2019,0.131,1.6786072,-1.5476072254180908
Oman,OMN,2014,-0.449,-0.43186036,-0.017139642477035533
Oman,OMN,2015,-0.426,-0.31129456,-0.11470544433593749
Oman,OMN,2016,-0.346,-0.24226333,-0.10373666799068448
Oman,OMN,2017,-0.343,-0.31066546,-0.03233454155921939
Oman,OMN,2018,-0.37,-0.34743646,-0.02256354212760925
Oman,OMN,2019,-0.179,-0.37933365,0.20033364510536195
Pakistan,PAK,2014,-0.787,-0.31899026,-0.4680097396373749
Pakistan,PAK,2015,-0.741,-0.53776985,-0.2032301459312439
Pakistan,PAK,2016,-0.839,-0.52953595,-0.3094640507698059
Pakistan,PAK,2017,-0.712,-0.66942257,-0.042577433109283414
Pakistan,PAK,2018,-0.721,-0.36769235,-0.3533076486587524
Pakistan,PAK,2019,-0.705,-0.6080632,-0.09693677902221676
Panama,PAN,2014,0.552,0.35597646,0.19602353763580327
Panama,PAN,2015,0.582,0.34316507,0.23883493018150326
Panama,PAN,2016,0.349,0.36276734,-0.013767338752746605
Panama,PAN,2017,0.4209999999999999,0.38448438,0.036515619516372555
Panama,PAN,2018,0.4479999999999999,-0.39486542,0.8428654234409332
Panama,PAN,2019,0.3319999999999999,-0.2969003,0.628900302171707
Peru,PER,2014,-0.65,-0.31303996,-0.33696004152297976
Peru,PER,2015,-0.665,-0.22291976,-0.44208023786544803
Peru,PER,2016,-0.788,-0.25234437,-0.5356556301116944
Peru,PER,2017,-0.709,-0.2475515,-0.46144849920272824
Peru,PER,2018,-0.685,-0.2401806,-0.44481940329074865
Peru,PER,2019,-0.744,-0.27516988,-0.46883012080192565
Philippines,PHL,2014,0.633,0.32388976,0.3091102378368378
Philippines,PHL,2015,0.639,0.2590016,0.37999838733673097
Philippines,PHL,2016,0.633,0.19349195,0.43950804936885834
Philippines,PHL,2017,0.671,0.21586384,0.4551361612081528
Philippines,PHL,2018,0.755,0.19766904,0.557330955862999
Philippines,PHL,2019,0.611,0.2013523,0.4096477017402649
Papua New Guinea,PNG,2014,-1.581,-1.3925971,-0.1884029207229614
Papua New Guinea,PNG,2015,-1.715,-0.8353659,-0.8796341085433961
Papua New Guinea,PNG,2016,-1.746,-0.8085247,-0.9374752721786499
Papua New Guinea,PNG,2017,-1.802,-0.81794274,-0.98405726146698
Papua New Guinea,PNG,2018,-1.676,-0.85364646,-0.822353542804718
Papua New Guinea,PNG,2019,-1.409,-0.83795726,-0.5710427370071411
Poland,POL,2014,1.129,1.4286444,-0.29964441871643066
Poland,POL,2015,1.143,1.5183518,-0.37535179328918455
Poland,POL,2016,1.084,1.3261315,-0.2421314630508422
Poland,POL,2017,1.161,1.0976607,0.06333933925628665
Poland,POL,2018,1.053,1.0950183,-0.042018267631530826
Poland,POL,2019,1.063,1.1365267,-0.07352670383453375
Portugal,PRT,2014,0.542,0.4039403,0.1380597097873688
Portugal,PRT,2015,0.53,0.424663,0.10533699274063113
Portugal,PRT,2016,0.4629999999999999,0.37700838,0.08599162149429312
Portugal,PRT,2017,0.489,0.5337428,-0.044742785453796396
Portugal,PRT,2018,0.605,0.49888644,0.10611356377601622
Portugal,PRT,2019,0.576,0.62141985,-0.045419847011566206
Qatar,QAT,2014,-0.24,-0.184256,-0.05574399769306182
Qatar,QAT,2015,-0.189,-0.21574414,0.02674413776397705
Qatar,QAT,2016,-0.183,-0.22814262,0.04514261913299561
Qatar,QAT,2017,-0.191,-0.2034922,0.01249219441413879
Qatar,QAT,2018,0.082,-0.19509926,0.27709926438331606
Qatar,QAT,2019,0.003,-0.17697744,0.17997744071483612
Romania,ROU,2014,0.846,0.8754451,-0.029445127487182643
Romania,ROU,2015,0.926,0.881234,0.044766009807586715
Romania,ROU,2016,0.983,1.1138484,-0.13084844779968263
Romania,ROU,2017,1.014,0.85572684,0.15827316188812257
Romania,ROU,2018,0.974,0.8943079,0.07969208860397337
Romania,ROU,2019,1.091,0.9492226,0.14177737569808957
Russian Federation,RUS,2014,0.3059999999999999,0.6926782,-0.38667821311950695
Russian Federation,RUS,2015,0.2849999999999999,0.8008172,-0.5158171916007996
Russian Federation,RUS,2016,0.2989999999999999,0.7862674,-0.48726739978790296
Russian Federation,RUS,2017,0.393,0.76894325,-0.37594325017929076
Russian Federation,RUS,2018,0.2009999999999999,0.6923251,-0.4913251152038575
Russian Federation,RUS,2019,0.257,0.738266,-0.4812659912109375
Rwanda,RWA,2014,-0.781,-0.8345327,0.05353267812728879
Rwanda,RWA,2015,-0.773,-0.8375354,0.06453538131713865
Rwanda,RWA,2016,-0.653,-1.0113246,0.3583246440887451
Rwanda,RWA,2017,-0.698,-0.9758295,0.2778294820785523
Rwanda,RWA,2018,-0.849,-1.0543921,0.2053920993804932
Rwanda,RWA,2019,-0.746,-0.9561533,0.2101532735824585
Saudi Arabia,SAU,2014,0.8030000000000002,0.23666354,0.5663364647626878
Saudi Arabia,SAU,2015,0.665,0.19693564,0.4680643612146378
Saudi Arabia,SAU,2016,0.589,0.16813618,0.4208638205528259
Saudi Arabia,SAU,2017,0.63,0.012072707,0.6179272934049368
Saudi Arabia,SAU,2018,0.781,0.11222367,0.668776330113411
Saudi Arabia,SAU,2019,0.7,-0.15536492,0.855364915728569
Sudan,SDN,2014,-1.436,-1.4028348,-0.033165226936340275
Sudan,SDN,2015,-1.47,-1.3519616,-0.11803838729858396
Sudan,SDN,2016,-1.379,-1.349198,-0.02980201625823975
Sudan,SDN,2017,-1.674,-1.2666501,-0.40734991931915276
Sudan,SDN,2018,-1.476,-1.4418842,-0.0341158399581909
Sudan,SDN,2019,-1.328,-1.1383617,-0.1896383075714112
Senegal,SEN,2014,-0.605,-0.4765093,-0.12849069714546202
Senegal,SEN,2015,-0.697,-0.4785261,-0.21847391438484187
Senegal,SEN,2016,-0.624,-0.47753763,-0.1464623680114746
Senegal,SEN,2017,-0.649,-0.44401658,-0.20498342418670656
Senegal,SEN,2018,-0.709,-0.5468273,-0.16217268371582028
Senegal,SEN,2019,-0.781,-0.5660617,-0.21493832445144656
Serbia,SRB,2014,0.497,0.6265913,-0.12959132480621338
Serbia,SRB,2015,0.474,0.82780904,-0.3538090357780457
Serbia,SRB,2016,0.497,0.87383646,-0.3768364577293396
Serbia,SRB,2017,0.539,0.883677,-0.34467700576782223
Serbia,SRB,2018,0.572,0.86001974,-0.28801974344253545
Serbia,SRB,2019,0.573,0.95123124,-0.37823124122619634
Slovak Republic,SVK,2014,1.41,1.1916429,0.21835711956024162
Slovak Republic,SVK,2015,1.259,1.2812445,-0.022244516372680767
Slovak Republic,SVK,2016,1.24,1.2685243,-0.02852428913116456
Slovak Republic,SVK,2017,1.248,1.210445,0.037554953575134276
Slovak Republic,SVK,2018,1.265,1.210445,0.05455495357513418
Slovak Republic,SVK,2019,1.348,1.2733433,0.0746566753387452
Slovenia,SVN,2014,1.652,1.526795,0.12520497035980216
Slovenia,SVN,2015,1.599,1.6000316,-0.0010316143035888903
Slovenia,SVN,2016,1.593,1.6133858,-0.020385796546936064
Slovenia,SVN,2017,1.6,1.5503066,0.0496934413909913
Slovenia,SVN,2018,1.615,1.5636606,0.051339378356933585
Slovenia,SVN,2019,1.703,1.6247445,0.0782554655075074
Sweden,SWE,2014,1.851,2.004235,-0.15323502922058108
Sweden,SWE,2015,1.81,1.8433584,-0.03335839748382563
Sweden,SWE,2016,1.816,1.8433584,-0.027358397483825625
Sweden,SWE,2017,1.735,1.7229263,0.012073740959167578
Sweden,SWE,2018,1.788,1.7518144,0.03618563461303714
Sweden,SWE,2019,1.815,1.8287953,-0.013795313835144096
Eswatini,SWZ,2014,0.1979999999999999,0.15080777,0.04719223189353933
Eswatini,SWZ,2015,0.23,0.050371457,0.17962854310870172
Eswatini,SWZ,2016,0.276,0.050371457,0.22562854310870173
Eswatini,SWZ,2017,-0.102,0.037161376,-0.1391613763272762
Eswatini,SWZ,2018,-0.132,-0.0043381355,-0.12766186452284456
Eswatini,SWZ,2019,0.036,-0.021670315,0.05767031541466713
Chad,TCD,2014,-2.22,-1.8770348,-0.3429652166366579
Chad,TCD,2015,-1.435,-1.4673988,0.03239876270294184
Chad,TCD,2016,-2.661,-1.3808491,-1.2801508769989014
Chad,TCD,2017,-2.274,-1.3475106,-0.9264894237518311
Chad,TCD,2018,-1.844,-1.3780928,-0.4659072341918946
Chad,TCD,2019,-1.845,-1.4118884,-0.4331116390228271
Togo,TGO,2014,-0.613,-0.9810082,0.3680081720352173
Togo,TGO,2015,-0.792,-0.922621,0.13062101173400875
Togo,TGO,2016,-0.747,-0.779914,0.0329140214920044
Togo,TGO,2017,-0.88,-0.7394631,-0.14053690910339356
Togo,TGO,2018,-0.82,-0.79423726,-0.025762743949890088
Togo,TGO,2019,-0.893,-0.7870534,-0.10594659376144411
Thailand,THA,2014,0.937,0.59562534,0.34137465906143194
Thailand,THA,2015,1.012,0.51597106,0.4960289354324341
Thailand,THA,2016,1.044,0.5421231,0.5018769207000733
Thailand,THA,2017,1.068,0.40435594,0.6636440567970276
Thailand,THA,2018,1.052,0.48526058,0.5667394239902497
Thailand,THA,2019,1.043,0.4882584,0.5547416083812713
Tajikistan,TJK,2014,-0.891,-0.865452,-0.025548008441925063
Tajikistan,TJK,2015,-1.139,-0.88441885,-0.25458115482330324
Tajikistan,TJK,2016,-0.937,-0.8939959,-0.043004118919372614
Tajikistan,TJK,2017,-0.842,-0.9783757,0.1363756732940674
Tajikistan,TJK,2018,-0.84,-0.6902945,-0.14970549583435055
Tajikistan,TJK,2019,-0.712,-0.6768141,-0.035185920715332
Trinidad and Tobago,TTO,2014,-0.512,0.13966286,-0.6516628618240357
Trinidad and Tobago,TTO,2015,-0.146,0.29716685,-0.4431668541431427
Trinidad and Tobago,TTO,2016,-0.145,0.71866626,-0.8636662554740906
Trinidad and Tobago,TTO,2017,-0.134,0.5800347,-0.7140346732139587
Trinidad and Tobago,TTO,2018,-0.22,0.5896304,-0.8096304249763489
Trinidad and Tobago,TTO,2019,0.055,0.6833168,-0.6283168268203735
Tunisia,TUN,2014,0.265,-0.11059692,0.3755969175696373
Tunisia,TUN,2015,0.217,-0.015888225,0.23288822528719902
Tunisia,TUN,2016,0.168,0.028143398,0.13985660153627397
Tunisia,TUN,2017,0.242,0.31792507,-0.07592506575584412
Tunisia,TUN,2018,0.176,0.3703925,-0.19439250135421754
Tunisia,TUN,2019,0.136,0.5533269,-0.41732690477371215
Turkiye,TUR,2014,0.4409999999999999,0.21629067,0.2247093323469161
Turkiye,TUR,2015,0.351,0.22201733,0.12898266708850858
Turkiye,TUR,2016,0.374,0.14586413,0.22813587093353271
Turkiye,TUR,2017,0.473,0.27422932,0.1987706820964813
Turkiye,TUR,2018,0.4589999999999999,0.14113115,0.3178688522577285
Turkiye,TUR,2019,0.531,0.21921499,0.311785009264946
Tanzania,TZA,2014,-1.097,-0.8878221,-0.20917790842056272
Tanzania,TZA,2015,-0.905,-0.7018709,-0.20312908172607425
Tanzania,TZA,2016,-1.075,-0.6617476,-0.4132524251937866
Tanzania,TZA,2017,-1.125,-0.6677972,-0.4572027921676636
Tanzania,TZA,2018,-0.038,-0.66766477,0.6296647663116455
Tanzania,TZA,2019,-0.924,-0.6527729,-0.27122709655761723
Uganda,UGA,2014,-0.507,-0.5282455,0.02124550867080688
Uganda,UGA,2015,-0.655,-0.49160993,-0.16339006900787356
Uganda,UGA,2016,-0.504,-0.3982327,-0.10576730155944825
Uganda,UGA,2017,-0.783,-0.42073417,-0.362265832901001
Uganda,UGA,2018,-0.754,-0.42633918,-0.32766082072257996
Uganda,UGA,2019,-0.754,-0.4979939,-0.2560061135292053
Ukraine,UKR,2014,0.539,0.80777144,-0.2687714443206787
Ukraine,UKR,2015,0.374,0.8627985,-0.4887985119819641
Ukraine,UKR,2016,0.402,0.8713296,-0.4693296055793762
Ukraine,UKR,2017,0.4329999999999999,0.87046415,-0.43746414613723766
Ukraine,UKR,2018,0.2999999999999999,0.89764154,-0.5976415395736696
Ukraine,UKR,2019,0.3249999999999999,0.9222771,-0.5972770929336548
Uruguay,URY,2014,0.218,0.6997578,-0.48175781440734866
Uruguay,URY,2015,0.22,0.73392546,-0.513925461769104
Uruguay,URY,2016,0.1839999999999999,0.9949614,-0.8109613809585572
Uruguay,URY,2017,0.169,1.0230634,-0.8540634212493896
Uruguay,URY,2018,-0.018,1.233713,-1.2517130308151245
Uruguay,URY,2019,-0.042,1.1028459,-1.1448459072113037
United States,USA,2014,1.65,1.6624115,-0.012411451339721769
United States,USA,2015,1.777,1.7012347,0.07576530170440665
United States,USA,2016,1.726,1.6964275,0.02957253551483152
United States,USA,2017,1.585,1.5857852,-0.0007851505279541371
United States,USA,2018,1.573,1.5804307,-0.007430746078491257
United States,USA,2019,1.597,1.5857852,0.011214849472045874
Uzbekistan,UZB,2014,-0.532,-0.62827605,0.09627605009078977
Uzbekistan,UZB,2015,-0.745,-0.4846622,-0.2603377950191498
Uzbekistan,UZB,2016,-0.769,-0.5216912,-0.2473087968826294
Uzbekistan,UZB,2017,-0.542,-0.36835063,-0.17364937496185306
Uzbekistan,UZB,2018,-0.672,-0.55595285,-0.11604715299606327
Uzbekistan,UZB,2019,-0.69,-0.4330617,-0.25693831086158747
"Venezuela, RB",VEN,2014,-0.61,-0.32911012,-0.2808898842334747
"Venezuela, RB",VEN,2015,-0.906,0.013337679,-0.919337679207325
"Venezuela, RB",VEN,2016,-0.872,0.17522536,-1.0472253621816634
"Venezuela, RB",VEN,2017,-0.965,0.06142484,-1.0264248402416705
"Venezuela, RB",VEN,2018,-1.105,-0.085850365,-1.019149634540081
"Venezuela, RB",VEN,2019,-1.277,-0.052025363,-1.2249746371507644
Viet Nam,VNM,2014,-0.085,-0.043679975,-0.041320025026798254
Viet Nam,VNM,2015,-0.211,0.012074548,-0.22307454781979322
Viet Nam,VNM,2016,-0.255,-0.0019281711,-0.25307182885706425
Viet Nam,VNM,2017,-0.048,-0.034994468,-0.013005531907081605
Viet Nam,VNM,2018,-0.066,-0.023233216,-0.04276678374409676
Viet Nam,VNM,2019,-0.057,-0.022067267,-0.034932732552289965
"Yemen, Rep.",YEM,2014,-1.133,-1.2420491,0.10904909801483154
"Yemen, Rep.",YEM,2015,-1.09,-0.8325835,-0.2574165129661561
"Yemen, Rep.",YEM,2016,-1.235,-0.821177,-0.41382299423217783
"Yemen, Rep.",YEM,2017,-1.364,-0.8922007,-0.4717992916107179
"Yemen, Rep.",YEM,2018,-1.428,-1.0886785,-0.3393215208053588
"Yemen, Rep.",YEM,2019,-1.518,-0.8469537,-0.6710463099479675
South Africa,ZAF,2014,0.28,0.31938604,-0.03938603520393369
South Africa,ZAF,2015,0.128,0.25689346,-0.12889345598220825
South Africa,ZAF,2016,0.123,0.24312624,-0.12012624335289002
South Africa,ZAF,2017,0.156,0.18919003,-0.033190030097961426
South Africa,ZAF,2018,0.068,0.18017788,-0.11217788231372833
South Africa,ZAF,2019,0.154,0.20248023,-0.048480226755142214
Zambia,ZMB,2014,-0.491,-0.6059965,0.11499648952484132
Zambia,ZMB,2015,-0.425,-0.6899867,0.2649867057800293
Zambia,ZMB,2016,-0.447,-0.79081124,0.3438112406730652
Zambia,ZMB,2017,-0.658,-0.64033765,-0.017662353992462188
Zambia,ZMB,2018,-0.51,-0.76522875,0.2552287483215332
Zambia,ZMB,2019,-0.49,-0.75268257,0.26268256664276124
Zimbabwe,ZWE,2014,-0.864,-0.6866038,-0.17739621543884276
Zimbabwe,ZWE,2015,-0.836,-0.7561232,-0.07987681484222409
Zimbabwe,ZWE,2016,-1.124,-0.60575163,-0.5182483663558961
Zimbabwe,ZWE,2017,-0.92,-0.6120528,-0.30794720172882084
Zimbabwe,ZWE,2018,-1.0,-0.62454104,-0.3754589557647705
Zimbabwe,ZWE,2019,-0.921,-0.67467535,-0.24632465457916264
