feature,coef_female,coef_male,coef_none,max_abs
bc_toiletries,-0.07714110836481954,1.859113684081603,-1.4356802324712241,1.859113684081603
bc_deodorants,0.2739669912091782,0.6273320515865028,-1.1899133076664297,1.1899133076664297
bc_removal,1.0511808608124225,-0.5223105350014007,-0.40908144468350893,1.0511808608124225
desc_lynx,-0.621666300051358,1.0389855957025214,-0.29216050062134963,1.0389855957025214
bc_period,0.9376329388615634,-0.5366686435478742,-0.2786538008449028,0.9376329388615634
bc_intimate,0.8811069681019278,-0.35286392403467826,-0.40836000021408225,0.8811069681019278
bc_gel,-0.4986906611103168,0.86966647272772,-0.25109276773019246,0.86966647272772
bc_razors,-0.07663868708562964,0.8218100338203133,-0.5874446148513256,0.8218100338203133
bc_accessories,-0.4222422545351241,-0.24114000249791212,0.7832653009392402,0.7832653009392402
bc_shaving,0.39449269858088026,0.21273719934275906,-0.7271129418454779,0.7271129418454779
desc_protection,0.7017175927526382,-0.19320648974288457,-0.38889210861718526,0.7017175927526382
bc_blades,-0.024734866171529608,0.670450792638603,-0.5468195609141536,0.670450792638603
bc_products,0.6691654050155812,-0.39515670294598143,-0.15412565817008547,0.6691654050155812
bc_conditioner,-0.2674892151706103,-0.27456940946434294,0.6619416685891173,0.6619416685891173
bc_marketplace,-0.5315385125901405,0.003819023959064226,0.6473595670819708,0.6473595670819708
bc_dine,-0.3019337447584716,-0.22532496372535143,0.6471417524260291,0.6471417524260291
bc_cook,-0.3019337447584716,-0.22532496372535143,0.6471417524260291,0.6471417524260291
bc_skincare,-0.4991852221709681,0.6231079771450374,-0.02862127810928806,0.6231079771450374
feat_color1_lavender,0.33200159374391,-0.6091390754492766,0.1607749390485211,0.6091390754492766
bc_toothpaste,-0.2572017665257393,-0.22820858857762047,0.6046953365342225,0.6046953365342225
bc_frozen,-0.31124537827801724,-0.17032868867927223,0.6014571108969994,0.6014571108969994
bc_body,0.11910963916751971,0.4494987749550723,-0.598339058881746,0.598339058881746
bc_deodorant,0.058469727619760443,0.44647318378525785,-0.5961755262895763,0.5961755262895763
desc_shave,0.007947900752728056,0.5807818130689837,-0.5165307810021822,0.5807818130689837
bc_shower,-0.5655370254467634,0.27011751866994416,0.20369023897852268,0.5655370254467634
feat_color1_black,-0.28752461002274576,0.5576689081082957,-0.1502612540986382,0.5576689081082957
bc_sprays,0.2129849767949084,0.21516020515912695,-0.5468758356170154,0.5468758356170154
bc_care,-0.17313753624311495,-0.3177053637562638,0.5201112758813179,0.5201112758813179
desc_fragrance,0.19578643411710994,0.1965300471654433,-0.5042627354146304,0.5042627354146304
bc_birthday,0.36495160758401723,0.10720974805419592,-0.503755165166193,0.503755165166193
desc_deodorant,0.13631854567741258,0.25339685592579964,-0.4986521372334158,0.4986521372334158
bc_supplements,0.495678786893547,-0.017557761785964653,-0.3713297033989967,0.495678786893547
bc_sets,0.3564095882350573,0.04869168244606067,-0.48299779709053503,0.48299779709053503
bc_baby,-0.31953124861090154,-0.04338093797403381,0.4768928440851298,0.4768928440851298
bc_bath,-0.19121173595585858,-0.17360562950514857,0.4737369187822549,0.4737369187822549
bc_antiperspirant,0.09669914741702623,0.2768044153578493,-0.46897249131091145,0.46897249131091145
bc_perfumes,0.1754655001891326,0.1537553499553289,-0.44870385103421856,0.44870385103421856
bc_weakness,0.2897598134435136,0.08892955846159023,-0.4440022600482645,0.4440022600482645
bc_bladder,0.2897598134435136,0.08892955846159023,-0.4440022600482645,0.4440022600482645
bc_wash,-0.22433049371808592,0.43428976273913006,-0.10000753517457048,0.43428976273913006
bc_aftershaves,0.014535454348247531,0.3379289435952434,-0.42480370584232335,0.42480370584232335
desc_skin,0.39296074343499177,-0.08762717739138286,-0.40295258623878,0.40295258623878
bc_sweets,-0.3955725958520603,0.02864637491064541,0.3985251652178333,0.3985251652178333
desc_blades,0.1192165817207518,0.22527155357145812,-0.39683370948399904,0.39683370948399904
desc_gel,-0.15269265422612713,0.3897084003535649,-0.11713270207557959,0.3897084003535649
bc_shampoo,-0.1497400127219138,-0.12111547867801982,0.3879754762359277,0.3879754762359277
bc_foam,-0.19232475417578693,0.38347992251310087,-0.08083118951103785,0.38347992251310087
bc_pet,0.04424451165693538,-0.3678255381589225,0.30059396552387097,0.3678255381589225
bc_entertainment,0.3677538060092567,-0.21141914311194068,-0.10614034907295111,0.3677538060092567
desc_body,0.35199557018311234,-0.0703254793793371,-0.3566246118784057,0.3566246118784057
bc_gift,0.16465677060107822,0.09617169627920166,-0.35064028696558086,0.35064028696558086
desc_vitamin,0.34633092775311963,0.0010996821325985938,-0.2903935658577954,0.34633092775311963
bc_wellbeing,-0.10036114224379691,-0.25454959537489347,0.3446841172472186,0.3446841172472186
bc_toys,-0.10082169883068288,-0.12223946099016039,0.33433340172349635,0.33433340172349635
bc_chocolate,-0.2946428763954903,0.012673573843433669,0.33369681383432376,0.33369681383432376
desc_razor,0.02109420891253697,0.3308805795101198,-0.32267945464328995,0.3308805795101198
bc_pads,0.3292818939241889,-0.1586366521367418,-0.0612878610890465,0.3292818939241889
bc_hair,0.24476403613786843,-0.3248375214081635,0.04456728553725578,0.3248375214081635
desc_odour,-0.008316387326783168,0.2933786669296905,-0.3222180753274755,0.3222180753274755
desc_quality,0.32101725846919105,-0.1734694849388645,-0.06752245201798267,0.32101725846919105
bc_christmas,-0.3159586895107823,0.07443277355132448,0.1994005925906418,0.3159586895107823
bc_fragrances,0.10258159147727822,0.13971262818547597,-0.31323257478925626,0.31323257478925626
bc_dog,0.09633952184818206,-0.3010666022700267,0.15130728235177457,0.3010666022700267
bc_multivitamins,0.3007233432635294,-0.011008670623360327,-0.22617537799401388,0.3007233432635294
desc_hair,-0.09009285024200141,-0.08188805231970667,0.2918639466068779,0.2918639466068779
bc_cat,0.2845668249373219,-0.2905257707271844,-0.026848162560854167,0.2905257707271844
desc_frozen,-0.16162972893502014,-0.036312510286275405,0.2853656776570781,0.2853656776570781
desc_fresh,-0.03109580806868816,0.28275835415629735,-0.23400200001182953,0.28275835415629735
bc_cards,0.27599589030493993,-0.002445454919020962,-0.2034664842620041,0.27599589030493993
bc_medicines,0.24461287698275383,-0.2724310364850999,-0.01574429633239977,0.2724310364850999
desc_sweat,0.023356064981988948,0.17454298687821154,-0.2706617730150117,0.2706617730150117
desc_spray,0.12944459139270637,0.04884195647797731,-0.2679264483937881,0.2679264483937881
store_2,0.022881673225866234,-0.23466749015304045,0.26199010372662557,0.26199010372662557
feat_color1_silver,0.258541503392074,-0.13409643062411505,-0.066877841275993,0.258541503392074
desc_technology,-0.10300259635491184,0.2581202038524345,-0.11140105174843384,0.2581202038524345
feat_color1_pink,0.16016226624522087,-0.25342858212338776,0.050437345608373374,0.25342858212338776
desc_clean,-0.18675598377128214,0.2513460450961167,-0.03686629388187677,0.2513460450961167
feat_color1_navy,-0.18723856415639747,0.24620192986189224,-0.027662123267701004,0.24620192986189224
bc_sports,-0.05571775607615391,-0.11793006462016577,0.2428666183012335,0.2428666183012335
desc_designed,0.11085967796559913,0.09010619142457338,-0.2412907451731031,0.2412907451731031
bc_toddler,-0.21648649354237054,0.02802076149685741,0.23626326074782647,0.23626326074782647
desc_product,-0.15908711281890908,-0.03220962264082105,0.23295362836788683,0.23295362836788683
desc_anti,0.15831067951593666,-0.0026072924740499167,-0.22909561083309,0.22909561083309
bc_shop,0.08811089838354838,-0.22676580723471107,0.08125690990687053,0.22676580723471107
desc_place,0.06531781716657468,-0.22414666638735717,0.09092298506752296,0.22414666638735717
bc_travel,-0.13443400363787905,-0.0411276852100351,0.22299289203831907,0.22299289203831907
desc_perspirant,0.1714116428587243,-0.006368520254087274,-0.22094556786255357,0.22094556786255357
desc_serving,-0.0869131784459246,-0.06901533145459114,0.2179161785489409,0.2179161785489409
desc_br,0.21662751209436362,-0.17471808881382,-0.14383857805507136,0.21662751209436362
bc_stick,0.21397506109736647,-0.029699811307550568,-0.1766229866508301,0.21397506109736647
bc_vitamins,0.21194630363274095,-0.023513347317805446,-0.10928005145268396,0.21194630363274095
bc_roll,0.21025863175396248,-0.011987132962631191,-0.20242531343689202,0.21025863175396248
bc_health,0.1389681556473363,-0.20424412589338953,0.07296725582229172,0.20424412589338953
store_0,0.1521483653398035,-0.1905661879894955,0.2032457935571611,0.2032457935571611
desc_soft,0.1558948248647946,-0.19945060408383591,0.0047052318885444965,0.19945060408383591
bc_spray,0.08986381356072871,0.06576511082772094,-0.19339816880190364,0.19339816880190364
desc_day,0.12935655320572942,0.02684673083817553,-0.19182015574221528,0.19182015574221528
desc_suitable,0.04338564789435489,-0.19082890863112717,0.13163533775121788,0.19082890863112717
desc_uk,0.18656776413642023,0.0028686217349797485,-0.162886798118228,0.18656776413642023
desc_use,-0.1433063852070336,-0.017300304419532474,0.18455547514513568,0.18455547514513568
bc_ice,-0.18150831129393938,0.0718689040339455,0.09057625661381462,0.18150831129393938
desc_wash,-0.010636355211461467,0.17648410933304742,-0.14465864011668525,0.17648410933304742
feat_color1_salmon,0.17627035131273852,-0.062409615628044396,-0.0884631440468751,0.17627035131273852
desc_help,0.0827955566758649,-0.17607141359940387,0.05231316024296961,0.17607141359940387
desc_hours,-0.17405294028713741,0.06007612785458847,0.09183189532402446,0.17405294028713741
desc_features,-0.1435689584925522,0.17185683057659973,-0.018950305927399397,0.17185683057659973
desc_non,-0.11803825381667409,-0.02732512373002853,0.16711496500484765,0.16711496500484765
feat_color2_lavender,0.14132308743980002,-0.16644254210647455,0.014309683209476707,0.16644254210647455
desc_feeling,0.06752827523622558,0.057888444523799626,-0.1603525146684564,0.1603525146684564
desc_storage,-0.041144644850261154,-0.07107673883876754,0.15825312602538866,0.15825312602538866
desc_away,0.15322241882552723,-0.10856196941761483,-0.028912290840032707,0.15322241882552723
feat_color1_gray,-0.055439618923012156,0.14125322251656666,-0.07041345324211862,0.14125322251656666
desc_cm,0.07092163389449456,-0.14046279830892003,0.04789178369871435,0.14046279830892003
desc_ml,0.13702604653125455,-0.030880987652388427,-0.09033202844596329,0.13702604653125455
desc_long,-0.1363684216908112,0.014944033598792547,0.11304271998367031,0.1363684216908112
bc_styling,-0.010486124446649744,-0.09756637294070698,0.13495478854462872,0.13495478854462872
store_1,-0.061975122072757446,-0.06543031979480944,0.13032489230215583,0.13032489230215583
bc_milk,-0.05431189026178755,0.12856050257886906,-0.06249862783802872,0.12856050257886906
bc_kids,-0.046724818542086356,-0.06093407437414422,0.12831215713997138,0.12831215713997138
bc_skin,-0.12544662443378204,0.0746310082721679,0.04399173283970369,0.12544662443378204
feat_color1_crimson,-0.07389900129378997,-0.03167566356903071,0.12102103906937818,0.12102103906937818
desc_dry,-0.06543965453106021,-0.03852604839017991,0.11842240178577593,0.11842240178577593
desc_natural,0.05080712790302244,-0.11634969569423832,0.049442931120195995,0.11634969569423832
desc_sure,0.11207233262927578,-0.11548873314311438,0.002232961489136098,0.11548873314311438
desc_food,-0.06280974904376171,-0.03088638426162454,0.11360720165175758,0.11360720165175758
desc_pet,-0.021334788359640023,-0.06883879928693139,0.11226352318521085,0.11226352318521085
desc_perfect,0.11178417445904532,-0.07794066177871627,-0.03931472451219923,0.11178417445904532
feat_color1_teal,-0.1027375814540306,0.1094901700993326,-0.002286666044080154,0.1094901700993326
feat_color2_pink,0.10918365809306181,-0.07747577573157594,-0.020110940794985682,0.10918365809306181
feat_color1_dark_green,-0.10704423870550009,0.10409962733599563,0.0017912777958066172,0.10704423870550009
bc_beauty,0.03152892703640565,-0.1059031034222845,0.031190880759872433,0.1059031034222845
desc_irritation,0.037917059020819634,0.03484582627394202,-0.0996123543004015,0.0996123543004015
bc_pants,-0.09526071486919702,0.06754781503230843,0.02084096994523302,0.09526071486919702
feat_color1_brown,-0.06172543101844817,0.09516846578540149,-0.0218004100226563,0.09516846578540149
desc_table,-0.02557514336528853,-0.04593882461861337,0.09271031079621932,0.09271031079621932
desc_care,-0.09223861498874031,0.039139572791238836,0.04111033316283767,0.09223861498874031
bc_party,-0.07542229417536823,-0.007522095110988765,0.09033067192060609,0.09033067192060609
desc_daily,0.0591652279401264,-0.08917851308724842,0.026606423625004445,0.08917851308724842
feat_color1_purple,0.07643418970118063,-0.08588820878778224,0.002934809200702336,0.08588820878778224
bc_bags,-0.08210078217270339,0.0007841105981140252,0.08371629545038704,0.08371629545038704
desc_eyes,-0.05718455703877962,0.08288860301711187,-0.01663485124289383,0.08288860301711187
desc_best,0.03243075850911059,0.040075874502504515,-0.08091512344671924,0.08091512344671924
desc_free,0.004555800580725057,-0.08022817496838555,0.05518100292202002,0.08022817496838555
bc_razor,-0.00030801048205550245,0.07858626914461418,-0.05683915985509487,0.07858626914461418
desc_formula,-0.07766559996621157,0.049824031549242496,0.01897954014955338,0.07766559996621157
feat_color1_hot_pink,-0.0005687789403209855,-0.07732045483526828,0.07527112481524342,0.07732045483526828
desc_reach,-0.00111642063181575,0.07681620107999972,-0.07373293364377069,0.07681620107999972
desc_safety,-0.04863714541628221,-0.01598429331754798,0.07599361035883562,0.07599361035883562
bc_gifting,0.0032721629964787263,0.07066129393353959,-0.07571902459113118,0.07571902459113118
desc_children,0.07432012550668808,-0.028824652615172384,-0.03975511079019512,0.07432012550668808
desc_ingredients,-0.07382921060567672,0.04944100977346249,0.011090939595962478,0.07382921060567672
feat_color1_tan,0.07378810909473661,-0.050815330534321745,-0.01184632588459859,0.07378810909473661
desc_united,0.050838165019717683,0.011538291049982845,-0.07330945449329485,0.07330945449329485
desc_control,-0.07283019033174049,0.028163311963918143,0.03135418575727676,0.07283019033174049
desc_contains,-0.03333901894387145,-0.02862209761841398,0.07200893890451565,0.07200893890451565
feat_color2_brown,-0.07197558121625576,0.05702387063660447,0.006860702458797657,0.07197558121625576
bc_minerals,0.0685771071698126,-0.044713664145704234,-0.011520215494079184,0.0685771071698126
desc_label,-0.042044847146981146,-0.011323717019980202,0.06647829755474033,0.06647829755474033
bc_face,-0.006714076046116265,0.06629922612787863,-0.05585148873072295,0.06629922612787863
desc_need,-0.04255019481960051,-0.01606716305302981,0.06612141490607695,0.06612141490607695
desc_data,-0.049233841431443486,0.0661089173712821,-0.009210970205429967,0.0661089173712821
feat_color2_black,-0.00020944300316385527,0.06537716354020234,-0.05970080947513043,0.06537716354020234
desc_store,0.013059409815603884,-0.06498837205625586,0.04118649486377099,0.06498837205625586
desc_kingdom,0.06491166387480474,-0.002172405678018498,-0.06446979298951601,0.06491166387480474
desc_box,0.005073158744115791,-0.06382293911280351,0.05597496440433213,0.06382293911280351
feat_color1_lime,-0.038659149604280685,-0.009105587945798929,0.06069139140929311,0.06069139140929311
desc_packagetype,-0.04469659547396005,-0.00689255540234949,0.05971903441530488,0.05971903441530488
bc_haircare,0.0046708180410092726,-0.05924501816842513,0.05946458151508094,0.05946458151508094
feat_color1_royal_blue,-0.03191998388731713,-0.012978215456920468,0.05691422935470799,0.05691422935470799
feat_color1_gold,-0.05433046283108469,0.03180629428379832,0.009943082567645803,0.05433046283108469
desc_party,-0.05363604736608892,0.041666731597658456,0.001306079265434901,0.05363604736608892
feat_color2_tan,0.013389098177698568,-0.05306021846754239,0.029803214269930746,0.05306021846754239
feat_color2_teal,0.00253727979955906,0.04649514521961428,-0.05276881868625045,0.05276881868625045
desc_supplied,-0.05271792868880121,0.022998058172879775,0.018584081974145766,0.05271792868880121
desc_cooking,-0.025089069897583763,-0.011960305113455454,0.05121488936498698,0.05121488936498698
feat_price_log,-0.028396958099236026,0.05001970594609269,0.019714972802866375,0.05001970594609269
desc_avoid,0.03430889742336168,0.0033084871638946064,-0.04969192460006493,0.04969192460006493
feat_color3_silver,0.048572814146557744,-0.015653172827614355,-0.022529165958920454,0.048572814146557744
feat_color3_brown,-0.0483257400699953,0.004073644524568857,0.037268476036035024,0.0483257400699953
desc_information,-0.047015039312312976,0.0005466190647004658,0.039959042318079396,0.047015039312312976
desc_note,-0.04663238572458568,0.013557744343301906,0.02689970695538315,0.04663238572458568
desc_wm,-0.046532896538225545,0.0022712320380884384,0.03502910340967336,0.046532896538225545
desc_tested,0.04629937358391529,-0.03375412960455306,-0.0006898282476751894,0.04629937358391529
bc_ons,0.0454268751102604,-0.001086550953757278,-0.04225778892604324,0.0454268751102604
desc_supermarkets,-0.045352688796107474,0.0,0.03793479467715573,0.045352688796107474
desc_morrisons,-0.04456695752022603,0.0,0.04082096656598747,0.04456695752022603
desc_website,-0.04453540595402483,0.03048151693875189,0.0033119788898961456,0.04453540595402483
feat_color3_gray,-0.013844084320060096,0.04396218864196413,-0.016999689827181596,0.04396218864196413
desc_products,-0.03738478860231517,-0.004347198057997535,0.043467114240346,0.043467114240346
bc_cream,0.021768829264824763,-0.042786807898488204,0.019912301743293982,0.042786807898488204
feat_color3_teal,-0.008961964575977456,0.042173509201352107,-0.020973058267573976,0.042173509201352107
desc_experience,-0.015264693519596403,-0.015620763441462704,0.041791644814885884,0.041791644814885884
desc_content,-0.03358788031640876,-0.0030778761428891343,0.04046015897491747,0.04046015897491747
desc_countryoforigin,-0.04021199928687407,-0.0029565687035611617,0.040320851802204266,0.040320851802204266
desc_instructions,-0.04012718135060227,0.009257175446932307,0.020849630945977853,0.04012718135060227
desc_cool,0.04003563206739003,-0.023262810768011198,-0.010944247949743212,0.04003563206739003
desc_alcohol,-0.024960018468580335,0.0396069727448231,-0.005603139508120096,0.0396069727448231
desc_warning,-0.037619679599562326,0.036267519398675,0.0,0.037619679599562326
bc_sticks,0.0361436346008225,-0.018093467482405232,-0.009390095264987667,0.0361436346008225
feat_color2_gold,-0.03275261641646784,0.02673981247084048,0.0006666335642164286,0.03275261641646784
feat_color1_khaki,-0.006610945525627196,-0.01610581138466681,0.03230683528257781,0.03230683528257781
desc_way,-0.012198882403306095,-0.011054494276082969,0.031854764013775454,0.031854764013775454
desc_summary,-0.031781934435763104,0.0,0.024309362480211608,0.031781934435763104
feat_color2_navy,-0.00991004461352888,0.031367011598685275,-0.01346226921047772,0.031367011598685275
feat_color2_hot_pink,0.03133464917427961,-0.011267610496812238,-0.009101058500843426,0.03133464917427961
feat_color3_tan,0.01918632976444339,-0.0312652754677719,0.003979278620165711,0.0312652754677719
feat_color2_crimson,-0.030272161740972862,0.030681123331413856,-0.0002612967182999764,0.030681123331413856
desc_nutrition,-0.021265985951589836,-0.004243771035729557,0.03068065052994746,0.03068065052994746
desc_enhance,-0.024797896459498793,-0.0025787002654990916,0.030603430141674173,0.030603430141674173
desc_accurate,-0.0304559569149607,0.0,0.028492787879046688,0.0304559569149607
desc_prior,-0.03033078768092397,0.0002965786142990075,0.021383371112674028,0.03033078768092397
feat_color2_royal_blue,-0.015573497150273058,0.030097318002952164,-0.009149226290809038,0.030097318002952164
desc_furtherdescription,-0.0038486869027110986,-0.02499921817400454,0.02945272507967921,0.02945272507967921
desc_limited,-0.027483907850431515,-0.0014436098313426542,0.02879454388293111,0.02879454388293111
desc_accessories,-0.028753577823282497,0.0006030724860644704,0.024532688884292938,0.028753577823282497
feat_color2_salmon,0.02863456928813071,-0.017326865163771396,-0.004180951793152365,0.02863456928813071
desc_page,-0.02758102700561536,0.01764909798089784,0.003218471724039111,0.02758102700561536
desc_believe,-0.027371899545837988,0.011258104412700129,0.005444187484584864,0.027371899545837988
desc_advice,-0.022918075980934337,-0.0012254639534861316,0.026930285028696502,0.026930285028696502
feat_color2_dark_green,-0.02679600720671893,0.016336577896693648,0.003997553801013659,0.02679600720671893
desc_applicable,-0.02670343385809956,0.002528037000888612,0.014923047302787321,0.02670343385809956
desc_include,-0.026175302806450258,0.017283810435648337,0.003024912844679321,0.026175302806450258
feat_color1_sky_blue,0.026054959437697707,0.0,-0.020943898328291317,0.026054959437697707
bc_essentials,-0.012265623686365495,-0.008588603155326835,0.0259280337483683,0.0259280337483683
desc_included,-0.00041658623893878346,-0.019373051813106407,0.02492086925024464,0.02492086925024464
desc_serves,-0.022349518314709743,-0.0007283051168586369,0.024746404891271796,0.024746404891271796
feat_color3_black,0.023913841042819,-0.017618388639731357,-0.0012195411757194973,0.023913841042819
bc_greeting,0.023240819406137862,-0.013712728056770582,-0.005347441280791394,0.023240819406137862
desc_change,0.0,-0.017229341882773343,0.02256894245656015,0.02256894245656015
desc_manufacturer,-0.013736464471852013,-0.0041025952793786735,0.022549619716129395,0.022549619716129395
desc_items,-0.01567643224848547,-0.002946801809655305,0.02246656136358495,0.02246656136358495
feat_color1_dark_red,-0.022288577479927317,0.007370675280983129,0.008678767235281935,0.022288577479927317
desc_packaging,-0.012584746627905975,0.021676930984479436,-0.0056733342278660216,0.021676930984479436
desc_contents,-0.009589505964131226,-0.005501413342429943,0.02167464596457644,0.02167464596457644
desc_brandmarketing,-0.021343215782347276,0.004183505550255119,0.01580717621083932,0.021343215782347276
feat_color3_lavender,0.01988436889560505,-0.02101630440633467,0.0,0.02101630440633467
feat_color1_coral,-0.0018645984653618203,0.020457920042682706,-0.016133931718717222,0.020457920042682706
feat_color2_silver,0.014426228145352294,-0.019211066352112945,0.0025749685278474714,0.019211066352112945
desc_images,-0.01887273589482478,0.0,0.014197107784653808,0.01887273589482478
desc_purposes,-0.016970306395764915,-0.0012256716361418612,0.018867991641085873,0.018867991641085873
feat_color2_lime,-0.00012708030385308775,-0.014987329265007508,0.018568556985454475,0.018568556985454475
feat_color2_khaki,0.00019841877266555516,-0.017876512942193192,0.01701350964170772,0.017876512942193192
desc_adults,-0.0017540920203417535,-0.009855556195440106,0.017756695033861507,0.017756695033861507
feat_color3_hot_pink,0.009990299657400923,-0.01734314928098057,0.0026624372841364172,0.01734314928098057
desc_shopping,-0.01368893113245886,-0.0009510264565870812,0.016619116916071014,0.016619116916071014
feat_color3_dark_green,-0.016396364056351156,0.006028230550954245,0.005567041257712604,0.016396364056351156
desc_reading,-0.01628519697139373,0.0,0.015527586769498346,0.01628519697139373
feat_color3_sky_blue,0.0071776508871517425,-0.01606879909909541,0.007850494230983149,0.01606879909909541
desc_warnings,-0.01554311612777949,0.0011582310898380543,0.00922990473617764,0.01554311612777949
desc_prepare,-0.014775896787735688,0.005323368693894936,0.0036139879248828807,0.014775896787735688
desc_water,-0.014675762172167121,0.008854220728861092,0.007492052498181592,0.014675762172167121
feat_color1_red,-0.00649184163007769,0.013965185519511892,-0.0024749592303385517,0.013965185519511892
desc_allergens,-0.01302248977350217,-0.0007631272225748061,0.01377480566531233,0.01377480566531233
desc_allergy,-0.013559691726735082,0.0036708407280529806,0.00419732162873078,0.013559691726735082
feat_color2_sky_blue,0.0,-0.011054976202253845,0.013551219663584947,0.013551219663584947
desc_subject,-0.012328340826771604,-0.0008870833727395682,0.013438413732133607,0.013438413732133607
feat_color2_olive,-0.008048404989775602,0.01157854896450751,-0.0003818614752507226,0.01157854896450751
desc_preparing,-0.011012645513733405,0.001100543518047713,0.005788455531229371,0.011012645513733405
desc_labels,-0.010977239161548129,0.0,0.007914639141826612,0.010977239161548129
feat_unit_price,-0.005165618597690643,-5.076541306571221e-08,0.010834872701454503,0.010834872701454503
desc_picture,-0.010698618538700558,-3.229304990705572e-05,0.009808983327937344,0.010698618538700558
feat_color1_orange,-0.001346706628570182,-0.004776133109916568,0.009954999680902491,0.009954999680902491
desc_brand,-0.0073003506183154,0.0001129155261085112,0.009688755515780344,0.009688755515780344
feat_color2_dark_red,-0.007225909747858652,-8.083473381305481e-05,0.009413104074932196,0.009413104074932196
desc_important,0.009300890441571301,-0.0009579793835430378,-0.006591532726890641,0.009300890441571301
feat_color1_cyan,0.009237698008176993,-0.007053545741369201,0.0,0.009237698008176993
desc_check,-0.005025778376784652,-0.0017929191410012368,0.009176006313526483,0.009176006313526483
feat_color3_crimson,0.0,-0.008770041970946673,0.00830462805367679,0.008770041970946673
feat_color2_gray,0.004280511574371904,-0.008713491344713156,0.0017497553467012233,0.008713491344713156
desc_whatsoever,-0.008707158077329072,0.0,0.0069371274164333665,0.008707158077329072
desc_disclaimer,-0.008707158077329072,0.0,0.0069371274164333665,0.008707158077329072
desc_acknowledgement,-0.008707158077329072,0.0,0.0069371274164333665,0.008707158077329072
desc_reproduced,-0.008707158077329072,0.0,0.0069371274164333665,0.008707158077329072
desc_description,-0.008707158077329072,0.0,0.0069371274164333665,0.008707158077329072
desc_kcals,-0.008707158077329072,0.0,0.0069371274164333665,0.008707158077329072
desc_liability,-0.008707158077329072,0.0,0.0069371274164333665,0.008707158077329072
desc_link,-0.008707158077329072,0.0,0.0069371274164333665,0.008707158077329072
desc_suggestions,-0.008707158077329072,0.0,0.0069371274164333665,0.008707158077329072
desc_pictured,-0.008707158077329072,0.0,0.0069371274164333665,0.008707158077329072
desc_consent,-0.008707158077329072,0.0,0.0069371274164333665,0.008707158077329072
desc_purchasing,-0.008707158077329072,0.0,0.0069371274164333665,0.008707158077329072
feat_color2_orange,-0.001818911253059183,-0.004489630888946785,0.008557126013765154,0.008557126013765154
desc_delivery,-0.007431295410300451,-0.00038208697016944924,0.008352346415568914,0.008352346415568914
feat_color1_violet,0.002442255197917586,-0.007793250621216421,0.004278432515402402,0.007793250621216421
feat_color3_purple,-0.006476510236706998,0.0,0.007742746577032192,0.007742746577032192
feat_color2_cyan,-0.0028153782883847847,-0.0030615842259704104,0.007128004291162796,0.007128004291162796
feat_color2_green,0.0068802405514548,-0.0007420717582997088,-0.004873837045950796,0.0068802405514548
feat_color1_green,0.0006859370044461369,0.004979858219243688,-0.006758963953738512,0.006758963953738512
feat_color3_lime,-0.005864556211844358,0.006594106511832098,0.0,0.006594106511832098
desc_preparationandusage,0.00656231456141181,-0.0019403814173476158,-0.0025106088466339813,0.00656231456141181
desc_taken,-0.006291556540537454,0.006391725437124181,-1.3209021617146209e-05,0.006391725437124181
feat_color3_navy,0.0,0.006316531183549148,-0.006208351919379549,0.006316531183549148
desc_personal,-0.006004304290675069,0.0007629468282058147,0.002893025835931002,0.006004304290675069
feat_color2_purple,0.0,-0.00565250398500934,0.004310449777685285,0.00565250398500934
desc_additional,-0.005567382108272502,0.0012416718118852708,0.002547934804516374,0.005567382108272502
feat_color2_coral,-0.00359284454493599,0.00548140670290931,-0.0010252440743972284,0.00548140670290931
desc_rd,-0.0044357460143843765,-0.0004252530537064853,0.005475449259810878,0.005475449259810878
feat_color3_salmon,0.004038347397915951,-0.001444516975499698,-0.001657359100365167,0.004038347397915951
feat_color2_white,-0.0015562709765023779,0.003920977883405542,-0.0011760235410753174,0.003920977883405542
desc_otherinformation,-0.003868020876008626,0.00013146570682360186,0.0021506816202543225,0.003868020876008626
feat_color3_red,-0.0037211061414205407,0.0016566292400392987,0.0009178234413399456,0.0037211061414205407
feat_color3_pink,0.0,-0.00369076447462462,0.00244876832676253,0.00369076447462462
desc_protect,-0.003275809696627771,8.471035989228805e-06,0.0012109360564358852,0.003275809696627771
feat_color1_white,-0.0012561002481206382,-0.0006716899066930764,0.0031414318289135017,0.0031414318289135017
feat_color3_olive,-0.0010485121387240261,-0.0007702748116790325,0.0030746116805780107,0.0030746116805780107
feat_color3_orange,-0.0030741285584030852,0.0,0.00242243987096352,0.0030741285584030852
feat_color3_green,0.002820105867252359,0.0,-0.0018624219941071345,0.002820105867252359
feat_color3_khaki,0.0027136404555916354,-0.0010844229890747124,-0.0007043396896415161,0.0027136404555916354
feat_color1_olive,-0.0007937677268804124,-0.0005964322468573229,0.002578883339815361,0.002578883339815361
feat_color3_gold,0.0017747120455060045,0.0,-0.0010024335581761443,0.0017747120455060045
feat_color3_dark_red,-0.0017253136660106277,0.0,0.001749049286186361,0.001749049286186361
feat_color2_violet,-0.0003343632581074937,0.0010107658539712818,0.0,0.0010107658539712818
feat_color3_royal_blue,0.0,0.0005827642936005689,-0.0009604338588122356,0.0009604338588122356
feat_color3_coral,0.0,-0.0003095605290771724,0.0008871149577863501,0.0008871149577863501
feat_color3_cyan,-7.591922747651766e-05,0.0,0.0006732305378325959,0.0006732305378325959
feat_color2_red,-0.000366607869058742,0.0,0.00040493597763859214,0.00040493597763859214
feat_color1_blue,0.0,0.0,0.0,0.0
feat_color3_violet,0.0,0.0,0.0,0.0
feat_color2_blue,0.0,0.0,0.0,0.0
desc_substitute,0.0,0.0,0.0,0.0
feat_color3_yellow,0.0,0.0,0.0,0.0
feat_color2_yellow,0.0,0.0,0.0,0.0
feat_color1_yellow,0.0,0.0,0.0,0.0
feat_color3_magenta,0.0,0.0,0.0,0.0
feat_color2_magenta,0.0,0.0,0.0,0.0
store_3,0.0,0.0,0.0,0.0
feat_color1_magenta,0.0,0.0,0.0,0.0
feat_color3_blue,0.0,0.0,0.0,0.0
feat_color3_white,0.0,0.0,0.0,0.0
