observation_date,NFCI
1971-01-08,0.58786
1971-01-15,0.61974
1971-01-22,0.65676
1971-01-29,0.69744
1971-02-05,0.74049
1971-02-12,0.78361
1971-02-19,0.82575
1971-02-26,0.86734
1971-03-05,0.90996
1971-03-12,0.95565
1971-03-19,1.00655
1971-03-26,1.06491
1971-04-02,1.13080
1971-04-09,1.20312
1971-04-16,1.27763
1971-04-23,1.34790
1971-04-30,1.40684
1971-05-07,1.44649
1971-05-14,1.45821
1971-05-21,1.43746
1971-05-28,1.38508
1971-06-04,1.30557
1971-06-11,1.20647
1971-06-18,1.10409
1971-06-25,1.01539
1971-07-02,0.95679
1971-07-09,0.94372
1971-07-16,0.98584
1971-07-23,1.08572
1971-07-30,1.23809
1971-08-06,1.42885
1971-08-13,1.63762
1971-08-20,1.84202
1971-08-27,2.01633
1971-09-03,2.14518
1971-09-10,2.21451
1971-09-17,2.22352
1971-09-24,2.17581
1971-10-01,2.08208
1971-10-08,1.95638
1971-10-15,1.81653
1971-10-22,1.67900
1971-10-29,1.55787
1971-11-05,1.46283
1971-11-12,1.39710
1971-11-19,1.36006
1971-11-26,1.34486
1971-12-03,1.34345
1971-12-10,1.34688
1971-12-17,1.34498
1971-12-24,1.32962
1971-12-31,1.29781
1972-01-07,1.23997
1972-01-14,1.16513
1972-01-21,1.07406
1972-01-28,0.97346
1972-02-04,0.87087
1972-02-11,0.77141
1972-02-18,0.67879
1972-02-25,0.59600
1972-03-03,0.52449
1972-03-10,0.46433
1972-03-17,0.41339
1972-03-24,0.36856
1972-03-31,0.32572
1972-04-07,0.28171
1972-04-14,0.23583
1972-04-21,0.18738
1972-04-28,0.13939
1972-05-05,0.09453
1972-05-12,0.05716
1972-05-19,0.03119
1972-05-26,0.02092
1972-06-02,0.02837
1972-06-09,0.05411
1972-06-16,0.09543
1972-06-23,0.14777
1972-06-30,0.20399
1972-07-07,0.25616
1972-07-14,0.29746
1972-07-21,0.32209
1972-07-28,0.32559
1972-08-04,0.30729
1972-08-11,0.26871
1972-08-18,0.21421
1972-08-25,0.14928
1972-09-01,0.08094
1972-09-08,0.01636
1972-09-15,-0.03976
1972-09-22,-0.08463
1972-09-29,-0.11760
1972-10-06,-0.14054
1972-10-13,-0.15716
1972-10-20,-0.16999
1972-10-27,-0.18271
1972-11-03,-0.19759
1972-11-10,-0.21517
1972-11-17,-0.23505
1972-11-24,-0.25588
1972-12-01,-0.27332
1972-12-08,-0.28308
1972-12-15,-0.28025
1972-12-22,-0.25849
1972-12-29,-0.21291
1973-01-05,-0.14016
1973-01-12,-0.03828
1973-01-19,0.09078
1973-01-26,0.24263
1973-02-02,0.41073
1973-02-09,0.58513
1973-02-16,0.75448
1973-02-23,0.90920
1973-03-02,1.04015
1973-03-09,1.14206
1973-03-16,1.21229
1973-03-23,1.25390
1973-03-30,1.27063
1973-04-06,1.26699
1973-04-13,1.25012
1973-04-20,1.22506
1973-04-27,1.19718
1973-05-04,1.16954
1973-05-11,1.14555
1973-05-18,1.12728
1973-05-25,1.11702
1973-06-01,1.11753
1973-06-08,1.13205
1973-06-15,1.16258
1973-06-22,1.21149
1973-06-29,1.28072
1973-07-06,1.36940
1973-07-13,1.47626
1973-07-20,1.59666
1973-07-27,1.72646
1973-08-03,1.85849
1973-08-10,1.98735
1973-08-17,2.10757
1973-08-24,2.21408
1973-08-31,2.30168
1973-09-07,2.36564
1973-09-14,2.40355
1973-09-21,2.41611
1973-09-28,2.40492
1973-10-05,2.37222
1973-10-12,2.32638
1973-10-19,2.27296
1973-10-26,2.22111
1973-11-02,2.17652
1973-11-09,2.14311
1973-11-16,2.12115
1973-11-23,2.10414
1973-11-30,2.08310
1973-12-07,2.04579
1973-12-14,1.98327
1973-12-21,1.88890
1973-12-28,1.76101
1974-01-04,1.60057
1974-01-11,1.41843
1974-01-18,1.22368
1974-01-25,1.02844
1974-02-01,0.84569
1974-02-08,0.68657
1974-02-15,0.56092
1974-02-22,0.47721
1974-03-01,0.44084
1974-03-08,0.45527
1974-03-15,0.52277
1974-03-22,0.64243
1974-03-29,0.81150
1974-04-05,1.02591
1974-04-12,1.28136
1974-04-19,1.57142
1974-04-26,1.89033
1974-05-03,2.23075
1974-05-10,2.58726
1974-05-17,2.95238
1974-05-24,3.31683
1974-05-31,3.67377
1974-06-07,4.01489
1974-06-14,4.33009
1974-06-21,4.61045
1974-06-28,4.84464
1974-07-05,5.02214
1974-07-12,5.13727
1974-07-19,5.18866
1974-07-26,5.18131
1974-08-02,5.12512
1974-08-09,5.02853
1974-08-16,4.90616
1974-08-23,4.76606
1974-08-30,4.61753
1974-09-06,4.46400
1974-09-13,4.30762
1974-09-20,4.14860
1974-09-27,3.98234
1974-10-04,3.80895
1974-10-11,3.62792
1974-10-18,3.44734
1974-10-25,3.27560
1974-11-01,3.11995
1974-11-08,2.98754
1974-11-15,2.88044
1974-11-22,2.79458
1974-11-29,2.72574
1974-12-06,2.66462
1974-12-13,2.60179
1974-12-20,2.53030
1974-12-27,2.44151
1975-01-03,2.33243
1975-01-10,2.20170
1975-01-17,2.05368
1975-01-24,1.89446
1975-01-31,1.73004
1975-02-07,1.56645
1975-02-14,1.41034
1975-02-21,1.26359
1975-02-28,1.12731
1975-03-07,1.00206
1975-03-14,0.88656
1975-03-21,0.77935
1975-03-28,0.67760
1975-04-04,0.57879
1975-04-11,0.48191
1975-04-18,0.38654
1975-04-25,0.29255
1975-05-02,0.20261
1975-05-09,0.11847
1975-05-16,0.04244
1975-05-23,-0.02415
1975-05-30,-0.07812
1975-06-06,-0.11902
1975-06-13,-0.14709
1975-06-20,-0.16390
1975-06-27,-0.17128
1975-07-04,-0.17171
1975-07-11,-0.16795
1975-07-18,-0.16212
1975-07-25,-0.15436
1975-08-01,-0.14461
1975-08-08,-0.13189
1975-08-15,-0.11595
1975-08-22,-0.09549
1975-08-29,-0.07033
1975-09-05,-0.04136
1975-09-12,-0.00914
1975-09-19,0.02507
1975-09-26,0.05860
1975-10-03,0.09006
1975-10-10,0.11590
1975-10-17,0.13511
1975-10-24,0.14671
1975-10-31,0.14992
1975-11-07,0.14334
1975-11-14,0.12650
1975-11-21,0.09890
1975-11-28,0.06020
1975-12-05,0.01049
1975-12-12,-0.04869
1975-12-19,-0.11527
1975-12-26,-0.18738
1976-01-02,-0.26241
1976-01-09,-0.33720
1976-01-16,-0.40850
1976-01-23,-0.47446
1976-01-30,-0.53365
1976-02-06,-0.58546
1976-02-13,-0.62906
1976-02-20,-0.66558
1976-02-27,-0.69529
1976-03-05,-0.71843
1976-03-12,-0.73453
1976-03-19,-0.74364
1976-03-26,-0.74512
1976-04-02,-0.73815
1976-04-09,-0.72250
1976-04-16,-0.69815
1976-04-23,-0.66648
1976-04-30,-0.62924
1976-05-07,-0.58910
1976-05-14,-0.54951
1976-05-21,-0.51408
1976-05-28,-0.48574
1976-06-04,-0.46737
1976-06-11,-0.46037
1976-06-18,-0.46424
1976-06-25,-0.47867
1976-07-02,-0.50136
1976-07-09,-0.52971
1976-07-16,-0.56100
1976-07-23,-0.59313
1976-07-30,-0.62364
1976-08-06,-0.65099
1976-08-13,-0.67448
1976-08-20,-0.69344
1976-08-27,-0.70761
1976-09-03,-0.71733
1976-09-10,-0.72286
1976-09-17,-0.72486
1976-09-24,-0.72390
1976-10-01,-0.71985
1976-10-08,-0.71390
1976-10-15,-0.70654
1976-10-22,-0.69790
1976-10-29,-0.68825
1976-11-05,-0.67907
1976-11-12,-0.67136
1976-11-19,-0.66637
1976-11-26,-0.66600
1976-12-03,-0.67124
1976-12-10,-0.68384
1976-12-17,-0.70317
1976-12-24,-0.72927
1976-12-31,-0.76115
1977-01-07,-0.79728
1977-01-14,-0.83405
1977-01-21,-0.86934
1977-01-28,-0.90053
1977-02-04,-0.92497
1977-02-11,-0.94111
1977-02-18,-0.94811
1977-02-25,-0.94558
1977-03-04,-0.93362
1977-03-11,-0.91364
1977-03-18,-0.88650
1977-03-25,-0.85368
1977-04-01,-0.81671
1977-04-08,-0.77708
1977-04-15,-0.73546
1977-04-22,-0.69352
1977-04-29,-0.65208
1977-05-06,-0.61293
1977-05-13,-0.57727
1977-05-20,-0.54674
1977-05-27,-0.52216
1977-06-03,-0.50446
1977-06-10,-0.49361
1977-06-17,-0.48856
1977-06-24,-0.48857
1977-07-01,-0.49237
1977-07-08,-0.49855
1977-07-15,-0.50478
1977-07-22,-0.50978
1977-07-29,-0.51201
1977-08-05,-0.51070
1977-08-12,-0.50587
1977-08-19,-0.49723
1977-08-26,-0.48554
1977-09-02,-0.47040
1977-09-09,-0.45185
1977-09-16,-0.42964
1977-09-23,-0.40460
1977-09-30,-0.37729
1977-10-07,-0.34932
1977-10-14,-0.32137
1977-10-21,-0.29458
1977-10-28,-0.27034
1977-11-04,-0.24937
1977-11-11,-0.23298
1977-11-18,-0.22181
1977-11-25,-0.21636
1977-12-02,-0.21632
1977-12-09,-0.22166
1977-12-16,-0.23111
1977-12-23,-0.24422
1977-12-30,-0.25894
1978-01-06,-0.27367
1978-01-13,-0.28594
1978-01-20,-0.29348
1978-01-27,-0.29436
1978-02-03,-0.28729
1978-02-10,-0.27192
1978-02-17,-0.24750
1978-02-24,-0.21439
1978-03-03,-0.17357
1978-03-10,-0.12606
1978-03-17,-0.07331
1978-03-24,-0.01673
1978-03-31,0.04250
1978-04-07,0.10349
1978-04-14,0.16589
1978-04-21,0.22928
1978-04-28,0.29309
1978-05-05,0.35560
1978-05-12,0.41596
1978-05-19,0.47260
1978-05-26,0.52383
1978-06-02,0.56854
1978-06-09,0.60473
1978-06-16,0.63146
1978-06-23,0.64724
1978-06-30,0.65139
1978-07-07,0.64393
1978-07-14,0.62583
1978-07-21,0.59949
1978-07-28,0.56734
1978-08-04,0.53307
1978-08-11,0.50220
1978-08-18,0.48143
1978-08-25,0.47780
1978-09-01,0.49727
1978-09-08,0.54570
1978-09-15,0.62623
1978-09-22,0.73872
1978-09-29,0.88132
1978-10-06,1.04694
1978-10-13,1.22777
1978-10-20,1.41226
1978-10-27,1.58920
1978-11-03,1.74515
1978-11-10,1.87240
1978-11-17,1.96369
1978-11-24,2.01256
1978-12-01,2.02126
1978-12-08,1.99082
1978-12-15,1.92489
1978-12-22,1.82959
1978-12-29,1.71041
1979-01-05,1.57361
1979-01-12,1.42602
1979-01-19,1.27366
1979-01-26,1.12238
1979-02-02,0.97664
1979-02-09,0.84002
1979-02-16,0.71438
1979-02-23,0.60152
1979-03-02,0.50358
1979-03-09,0.42057
1979-03-16,0.35361
1979-03-23,0.30228
1979-03-30,0.26676
1979-04-06,0.24624
1979-04-13,0.23999
1979-04-20,0.24744
1979-04-27,0.26763
1979-05-04,0.29947
1979-05-11,0.34190
1979-05-18,0.39421
1979-05-25,0.45554
1979-06-01,0.52456
1979-06-08,0.59928
1979-06-15,0.67769
1979-06-22,0.75763
1979-06-29,0.83807
1979-07-06,0.91762
1979-07-13,0.99724
1979-07-20,1.07904
1979-07-27,1.16452
1979-08-03,1.25538
1979-08-10,1.35262
1979-08-17,1.45770
1979-08-24,1.57028
1979-08-31,1.68925
1979-09-07,1.81243
1979-09-14,1.93806
1979-09-21,2.06229
1979-09-28,2.18001
1979-10-05,2.28706
1979-10-12,2.37833
1979-10-19,2.44877
1979-10-26,2.49421
1979-11-02,2.51231
1979-11-09,2.49884
1979-11-16,2.45620
1979-11-23,2.38677
1979-11-30,2.29634
1979-12-07,2.19204
1979-12-14,2.08202
1979-12-21,1.97593
1979-12-28,1.88032
1980-01-04,1.80372
1980-01-11,1.75619
1980-01-18,1.74416
1980-01-25,1.77606
1980-02-01,1.85823
1980-02-08,1.99205
1980-02-15,2.17711
1980-02-22,2.40809
1980-02-29,2.67471
1980-03-07,2.95936
1980-03-14,3.24617
1980-03-21,3.51118
1980-03-28,3.73175
1980-04-04,3.89470
1980-04-11,3.98232
1980-04-18,3.98919
1980-04-25,3.91640
1980-05-02,3.76909
1980-05-09,3.55795
1980-05-16,3.29948
1980-05-23,3.00817
1980-05-30,2.69718
1980-06-06,2.38158
1980-06-13,2.07170
1980-06-20,1.77481
1980-06-27,1.50292
1980-07-04,1.26625
1980-07-11,1.07063
1980-07-18,0.92416
1980-07-25,0.82442
1980-08-01,0.77011
1980-08-08,0.75704
1980-08-15,0.77572
1980-08-22,0.81671
1980-08-29,0.87716
1980-09-05,0.95046
1980-09-12,1.02976
1980-09-19,1.11880
1980-09-26,1.21759
1980-10-03,1.32969
1980-10-10,1.45659
1980-10-17,1.60837
1980-10-24,1.78216
1980-10-31,1.98065
1980-11-07,2.19855
1980-11-14,2.42458
1980-11-21,2.65153
1980-11-28,2.86851
1980-12-05,3.05345
1980-12-12,3.19429
1980-12-19,3.28799
1980-12-26,3.31340
1981-01-02,3.28022
1981-01-09,3.19002
1981-01-16,3.05499
1981-01-23,2.88445
1981-01-30,2.69430
1981-02-06,2.49375
1981-02-13,2.29926
1981-02-20,2.12275
1981-02-27,1.96458
1981-03-06,1.83691
1981-03-13,1.74218
1981-03-20,1.68319
1981-03-27,1.66184
1981-04-03,1.67862
1981-04-10,1.72897
1981-04-17,1.81401
1981-04-24,1.92203
1981-05-01,2.05093
1981-05-08,2.19902
1981-05-15,2.35890
1981-05-22,2.52472
1981-05-29,2.69788
1981-06-05,2.86607
1981-06-12,3.02921
1981-06-19,3.17720
1981-06-26,3.30438
1981-07-03,3.40426
1981-07-10,3.47501
1981-07-17,3.51543
1981-07-24,3.52344
1981-07-31,3.50632
1981-08-07,3.46370
1981-08-14,3.40248
1981-08-21,3.32939
1981-08-28,3.25260
1981-09-04,3.17512
1981-09-11,3.10450
1981-09-18,3.03797
1981-09-25,2.97598
1981-10-02,2.92133
1981-10-09,2.86634
1981-10-16,2.81351
1981-10-23,2.75947
1981-10-30,2.69999
1981-11-06,2.63090
1981-11-13,2.55384
1981-11-20,2.46876
1981-11-27,2.38066
1981-12-04,2.29527
1981-12-11,2.21409
1981-12-18,2.13769
1981-12-25,2.06964
1982-01-01,2.00826
1982-01-08,1.95699
1982-01-15,1.92183
1982-01-22,1.90192
1982-01-29,1.90107
1982-02-05,1.91232
1982-02-12,1.93583
1982-02-19,1.96682
1982-02-26,2.00085
1982-03-05,2.03159
1982-03-12,2.05820
1982-03-19,2.08258
1982-03-26,2.10400
1982-04-02,2.12291
1982-04-09,2.14594
1982-04-16,2.17417
1982-04-23,2.21008
1982-04-30,2.25770
1982-05-07,2.31937
1982-05-14,2.39652
1982-05-21,2.48798
1982-05-28,2.58547
1982-06-04,2.68192
1982-06-11,2.77362
1982-06-18,2.85167
1982-06-25,2.91057
1982-07-02,2.94991
1982-07-09,2.97437
1982-07-16,2.98881
1982-07-23,3.00653
1982-07-30,3.03658
1982-08-06,3.08698
1982-08-13,3.15898
1982-08-20,3.24397
1982-08-27,3.33244
1982-09-03,3.40731
1982-09-10,3.44983
1982-09-17,3.44326
1982-09-24,3.37105
1982-10-01,3.22753
1982-10-08,3.01674
1982-10-15,2.75164
1982-10-22,2.45381
1982-10-29,2.14487
1982-11-05,1.84503
1982-11-12,1.56933
1982-11-19,1.32799
1982-11-26,1.12538
1982-12-03,0.95891
1982-12-10,0.82371
1982-12-17,0.71285
1982-12-24,0.61637
1982-12-31,0.52926
1983-01-07,0.44791
1983-01-14,0.37171
1983-01-21,0.30057
1983-01-28,0.23603
1983-02-04,0.17886
1983-02-11,0.13038
1983-02-18,0.09186
1983-02-25,0.06320
1983-03-04,0.04193
1983-03-11,0.02759
1983-03-18,0.01753
1983-03-25,0.00725
1983-04-01,-0.00500
1983-04-08,-0.02167
1983-04-15,-0.04373
1983-04-22,-0.07067
1983-04-29,-0.10093
1983-05-06,-0.13168
1983-05-13,-0.15948
1983-05-20,-0.18130
1983-05-27,-0.19680
1983-06-03,-0.20323
1983-06-10,-0.20154
1983-06-17,-0.19325
1983-06-24,-0.17924
1983-07-01,-0.16074
1983-07-08,-0.14106
1983-07-15,-0.12136
1983-07-22,-0.10452
1983-07-29,-0.09173
1983-08-05,-0.08401
1983-08-12,-0.08122
1983-08-19,-0.08344
1983-08-26,-0.08817
1983-09-02,-0.09378
1983-09-09,-0.09831
1983-09-16,-0.09997
1983-09-23,-0.09631
1983-09-30,-0.08701
1983-10-07,-0.07118
1983-10-14,-0.04975
1983-10-21,-0.02332
1983-10-28,0.00401
1983-11-04,0.03200
1983-11-11,0.05700
1983-11-18,0.07814
1983-11-25,0.09404
1983-12-02,0.10316
1983-12-09,0.10475
1983-12-16,0.09802
1983-12-23,0.08155
1983-12-30,0.05521
1984-01-06,0.02192
1984-01-13,-0.01688
1984-01-20,-0.05888
1984-01-27,-0.09986
1984-02-03,-0.13690
1984-02-10,-0.16751
1984-02-17,-0.18865
1984-02-24,-0.19918
1984-03-02,-0.19724
1984-03-09,-0.18127
1984-03-16,-0.14981
1984-03-23,-0.10206
1984-03-30,-0.03716
1984-04-06,0.04445
1984-04-13,0.14078
1984-04-20,0.25048
1984-04-27,0.37146
1984-05-04,0.49939
1984-05-11,0.63036
1984-05-18,0.75830
1984-05-25,0.87757
1984-06-01,0.98424
1984-06-08,1.07296
1984-06-15,1.14151
1984-06-22,1.18618
1984-06-29,1.20360
1984-07-06,1.19108
1984-07-13,1.14947
1984-07-20,1.08471
1984-07-27,1.00285
1984-08-03,0.91189
1984-08-10,0.81900
1984-08-17,0.72946
1984-08-24,0.64516
1984-08-31,0.56770
1984-09-07,0.49842
1984-09-14,0.43520
1984-09-21,0.37553
1984-09-28,0.31809
1984-10-05,0.26225
1984-10-12,0.20692
1984-10-19,0.15265
1984-10-26,0.10099
1984-11-02,0.05251
1984-11-09,0.00677
1984-11-16,-0.03732
1984-11-23,-0.07971
1984-11-30,-0.12168
1984-12-07,-0.16235
1984-12-14,-0.20353
1984-12-21,-0.24471
1984-12-28,-0.28425
1985-01-04,-0.32181
1985-01-11,-0.35410
1985-01-18,-0.37797
1985-01-25,-0.39223
1985-02-01,-0.39589
1985-02-08,-0.38917
1985-02-15,-0.37477
1985-02-22,-0.35518
1985-03-01,-0.33304
1985-03-08,-0.31189
1985-03-15,-0.29490
1985-03-22,-0.28343
1985-03-29,-0.27919
1985-04-05,-0.28400
1985-04-12,-0.29725
1985-04-19,-0.31817
1985-04-26,-0.34466
1985-05-03,-0.37353
1985-05-10,-0.40358
1985-05-17,-0.43032
1985-05-24,-0.45225
1985-05-31,-0.46764
1985-06-07,-0.47500
1985-06-14,-0.47339
1985-06-21,-0.46355
1985-06-28,-0.44577
1985-07-05,-0.42201
1985-07-12,-0.39331
1985-07-19,-0.36031
1985-07-26,-0.32399
1985-08-02,-0.28621
1985-08-09,-0.24818
1985-08-16,-0.21205
1985-08-23,-0.18016
1985-08-30,-0.15479
1985-09-06,-0.13783
1985-09-13,-0.13109
1985-09-20,-0.13608
1985-09-27,-0.15175
1985-10-04,-0.17738
1985-10-11,-0.20961
1985-10-18,-0.24480
1985-10-25,-0.27912
1985-11-01,-0.30876
1985-11-08,-0.33070
1985-11-15,-0.34338
1985-11-22,-0.34574
1985-11-29,-0.33926
1985-12-06,-0.32611
1985-12-13,-0.30903
1985-12-20,-0.29159
1985-12-27,-0.27526
1986-01-03,-0.26379
1986-01-10,-0.25742
1986-01-17,-0.25658
1986-01-24,-0.26101
1986-01-31,-0.27001
1986-02-07,-0.28101
1986-02-14,-0.29231
1986-02-21,-0.30263
1986-02-28,-0.31137
1986-03-07,-0.31892
1986-03-14,-0.32657
1986-03-21,-0.33550
1986-03-28,-0.34755
1986-04-04,-0.36457
1986-04-11,-0.38553
1986-04-18,-0.40901
1986-04-25,-0.43342
1986-05-02,-0.45536
1986-05-09,-0.47286
1986-05-16,-0.48430
1986-05-23,-0.48899
1986-05-30,-0.48734
1986-06-06,-0.48061
1986-06-13,-0.47057
1986-06-20,-0.46077
1986-06-27,-0.45514
1986-07-04,-0.45596
1986-07-11,-0.46422
1986-07-18,-0.48057
1986-07-25,-0.50333
1986-08-01,-0.52926
1986-08-08,-0.55455
1986-08-15,-0.57688
1986-08-22,-0.59264
1986-08-29,-0.59984
1986-09-05,-0.59857
1986-09-12,-0.58932
1986-09-19,-0.57684
1986-09-26,-0.56355
1986-10-03,-0.55245
1986-10-10,-0.54598
1986-10-17,-0.54468
1986-10-24,-0.54703
1986-10-31,-0.55182
1986-11-07,-0.55753
1986-11-14,-0.56214
1986-11-21,-0.56308
1986-11-28,-0.56025
1986-12-05,-0.55335
1986-12-12,-0.54365
1986-12-19,-0.53179
1986-12-26,-0.51939
1987-01-02,-0.51007
1987-01-09,-0.50283
1987-01-16,-0.49863
1987-01-23,-0.49679
1987-01-30,-0.49600
1987-02-06,-0.49351
1987-02-13,-0.48615
1987-02-20,-0.47033
1987-02-27,-0.44478
1987-03-06,-0.40618
1987-03-13,-0.35038
1987-03-20,-0.27568
1987-03-27,-0.18237
1987-04-03,-0.07164
1987-04-10,0.05031
1987-04-17,0.17786
1987-04-24,0.30158
1987-05-01,0.41119
1987-05-08,0.50264
1987-05-15,0.56811
1987-05-22,0.60741
1987-05-29,0.61508
1987-06-05,0.59562
1987-06-12,0.55349
1987-06-19,0.49104
1987-06-26,0.41767
1987-07-03,0.33770
1987-07-10,0.25741
1987-07-17,0.17893
1987-07-24,0.10646
1987-07-31,0.04550
1987-08-07,0.00252
1987-08-14,-0.01907
1987-08-21,-0.00953
1987-08-28,0.03343
1987-09-04,0.11054
1987-09-11,0.21531
1987-09-18,0.34337
1987-09-25,0.48583
1987-10-02,0.63624
1987-10-09,0.78185
1987-10-16,0.91248
1987-10-23,1.01978
1987-10-30,1.09661
1987-11-06,1.13625
1987-11-13,1.14702
1987-11-20,1.13510
1987-11-27,1.10277
1987-12-04,1.05561
1987-12-11,0.99099
1987-12-18,0.91504
1987-12-25,0.82775
1988-01-01,0.73347
1988-01-08,0.63547
1988-01-15,0.53966
1988-01-22,0.44637
1988-01-29,0.35940
1988-02-05,0.28148
1988-02-12,0.21620
1988-02-19,0.16632
1988-02-26,0.13116
1988-03-04,0.11084
1988-03-11,0.10483
1988-03-18,0.11226
1988-03-25,0.12893
1988-04-01,0.15320
1988-04-08,0.18148
1988-04-15,0.20765
1988-04-22,0.22989
1988-04-29,0.24414
1988-05-06,0.25126
1988-05-13,0.25349
1988-05-20,0.25279
1988-05-27,0.25215
1988-06-03,0.25515
1988-06-10,0.26316
1988-06-17,0.27761
1988-06-24,0.29929
1988-07-01,0.32686
1988-07-08,0.35675
1988-07-15,0.38563
1988-07-22,0.41022
1988-07-29,0.42645
1988-08-05,0.43337
1988-08-12,0.43008
1988-08-19,0.41700
1988-08-26,0.39463
1988-09-02,0.36642
1988-09-09,0.33447
1988-09-16,0.30319
1988-09-23,0.27531
1988-09-30,0.25115
1988-10-07,0.23047
1988-10-14,0.21264
1988-10-21,0.19717
1988-10-28,0.18389
1988-11-04,0.17268
1988-11-11,0.16408
1988-11-18,0.15721
1988-11-25,0.15253
1988-12-02,0.14840
1988-12-09,0.14532
1988-12-16,0.14205
1988-12-23,0.14007
1988-12-30,0.13918
1989-01-06,0.14153
1989-01-13,0.14841
1989-01-20,0.16188
1989-01-27,0.18514
1989-02-03,0.22108
1989-02-10,0.27059
1989-02-17,0.33350
1989-02-24,0.40562
1989-03-03,0.48335
1989-03-10,0.55911
1989-03-17,0.62764
1989-03-24,0.68142
1989-03-31,0.71471
1989-04-07,0.72469
1989-04-14,0.71018
1989-04-21,0.67153
1989-04-28,0.61715
1989-05-05,0.55018
1989-05-12,0.48066
1989-05-19,0.41437
1989-05-26,0.35858
1989-06-02,0.31651
1989-06-09,0.28866
1989-06-16,0.27176
1989-06-23,0.26178
1989-06-30,0.25316
1989-07-07,0.24347
1989-07-14,0.23013
1989-07-21,0.21586
1989-07-28,0.20387
1989-08-04,0.19642
1989-08-11,0.19859
1989-08-18,0.21096
1989-08-25,0.23336
1989-09-01,0.26423
1989-09-08,0.29867
1989-09-15,0.33255
1989-09-22,0.35927
1989-09-29,0.37619
1989-10-06,0.37922
1989-10-13,0.36637
1989-10-20,0.33836
1989-10-27,0.29750
1989-11-03,0.24773
1989-11-10,0.19505
1989-11-17,0.14352
1989-11-24,0.09809
1989-12-01,0.06175
1989-12-08,0.03658
1989-12-15,0.02255
1989-12-22,0.01880
1989-12-29,0.02264
1990-01-05,0.03241
1990-01-12,0.04410
1990-01-19,0.05398
1990-01-26,0.06123
1990-02-02,0.06313
1990-02-09,0.06037
1990-02-16,0.05466
1990-02-23,0.04814
1990-03-02,0.04355
1990-03-09,0.04273
1990-03-16,0.04823
1990-03-23,0.05908
1990-03-30,0.07409
1990-04-06,0.09074
1990-04-13,0.10341
1990-04-20,0.11017
1990-04-27,0.10744
1990-05-04,0.09283
1990-05-11,0.06717
1990-05-18,0.03211
1990-05-25,-0.00906
1990-06-01,-0.05230
1990-06-08,-0.09243
1990-06-15,-0.12547
1990-06-22,-0.14852
1990-06-29,-0.15870
1990-07-06,-0.15550
1990-07-13,-0.14012
1990-07-20,-0.11319
1990-07-27,-0.07649
1990-08-03,-0.03237
1990-08-10,0.01790
1990-08-17,0.07040
1990-08-24,0.12509
1990-08-31,0.17908
1990-09-07,0.23268
1990-09-14,0.28379
1990-09-21,0.33160
1990-09-28,0.37487
1990-10-05,0.40803
1990-10-12,0.43153
1990-10-19,0.44585
1990-10-26,0.45092
1990-11-02,0.45128
1990-11-09,0.45050
1990-11-16,0.45044
1990-11-23,0.45467
1990-11-30,0.46532
1990-12-07,0.47823
1990-12-14,0.49333
1990-12-21,0.50848
1990-12-28,0.51587
1991-01-04,0.50865
1991-01-11,0.48764
1991-01-18,0.44839
1991-01-25,0.38928
1991-02-01,0.32059
1991-02-08,0.24543
1991-02-15,0.17000
1991-02-22,0.09893
1991-03-01,0.03473
1991-03-08,-0.02272
1991-03-15,-0.07266
1991-03-22,-0.11515
1991-03-29,-0.15117
1991-04-05,-0.18068
1991-04-12,-0.20476
1991-04-19,-0.22426
1991-04-26,-0.23791
1991-05-03,-0.24649
1991-05-10,-0.25002
1991-05-17,-0.24865
1991-05-24,-0.24439
1991-05-31,-0.23941
1991-06-07,-0.23706
1991-06-14,-0.24016
1991-06-21,-0.25151
1991-06-28,-0.27131
1991-07-05,-0.30059
1991-07-12,-0.33631
1991-07-19,-0.37648
1991-07-26,-0.41702
1991-08-02,-0.45459
1991-08-09,-0.48710
1991-08-16,-0.51226
1991-08-23,-0.53027
1991-08-30,-0.54304
1991-09-06,-0.55029
1991-09-13,-0.55573
1991-09-20,-0.55945
1991-09-27,-0.56254
1991-10-04,-0.56558
1991-10-11,-0.57029
1991-10-18,-0.57617
1991-10-25,-0.58331
1991-11-01,-0.59209
1991-11-08,-0.60154
1991-11-15,-0.61118
1991-11-22,-0.62070
1991-11-29,-0.63070
1991-12-06,-0.64110
1991-12-13,-0.65150
1991-12-20,-0.65931
1991-12-27,-0.66617
1992-01-03,-0.66805
1992-01-10,-0.66879
1992-01-17,-0.66592
1992-01-24,-0.66249
1992-01-31,-0.65994
1992-02-07,-0.65792
1992-02-14,-0.65705
1992-02-21,-0.65689
1992-02-28,-0.65819
1992-03-06,-0.66114
1992-03-13,-0.66577
1992-03-20,-0.67392
1992-03-27,-0.68584
1992-04-03,-0.70116
1992-04-10,-0.72006
1992-04-17,-0.74088
1992-04-24,-0.76317
1992-05-01,-0.78593
1992-05-08,-0.80743
1992-05-15,-0.82744
1992-05-22,-0.84583
1992-05-29,-0.86184
1992-06-05,-0.87651
1992-06-12,-0.89093
1992-06-19,-0.90464
1992-06-26,-0.91725
1992-07-03,-0.92800
1992-07-10,-0.93567
1992-07-17,-0.94071
1992-07-24,-0.94231
1992-07-31,-0.94071
1992-08-07,-0.93562
1992-08-14,-0.92758
1992-08-21,-0.91596
1992-08-28,-0.90077
1992-09-04,-0.88207
1992-09-11,-0.86042
1992-09-18,-0.83457
1992-09-25,-0.80534
1992-10-02,-0.77419
1992-10-09,-0.74397
1992-10-16,-0.71691
1992-10-23,-0.69610
1992-10-30,-0.68421
1992-11-06,-0.68299
1992-11-13,-0.69154
1992-11-20,-0.71023
1992-11-27,-0.73816
1992-12-04,-0.77319
1992-12-11,-0.81215
1992-12-18,-0.85000
1992-12-25,-0.88446
1993-01-01,-0.91255
1993-01-08,-0.93295
1993-01-15,-0.94735
1993-01-22,-0.95599
1993-01-29,-0.95956
1993-02-05,-0.96023
1993-02-12,-0.95947
1993-02-19,-0.95818
1993-02-26,-0.95902
1993-03-05,-0.96117
1993-03-12,-0.96518
1993-03-19,-0.97087
1993-03-26,-0.97779
1993-04-02,-0.98455
1993-04-09,-0.99075
1993-04-16,-0.99515
1993-04-23,-0.99675
1993-04-30,-0.99644
1993-05-07,-0.99325
1993-05-14,-0.98898
1993-05-21,-0.98550
1993-05-28,-0.98425
1993-06-04,-0.98661
1993-06-11,-0.99427
1993-06-18,-1.00686
1993-06-25,-1.02268
1993-07-02,-1.04003
1993-07-09,-1.05768
1993-07-16,-1.07327
1993-07-23,-1.08598
1993-07-30,-1.09438
1993-08-06,-1.09893
1993-08-13,-1.09985
1993-08-20,-1.09760
1993-08-27,-1.09268
1993-09-03,-1.08593
1993-09-10,-1.07725
1993-09-17,-1.06621
1993-09-24,-1.05336
1993-10-01,-1.03873
1993-10-08,-1.02295
1993-10-15,-1.00577
1993-10-22,-0.98779
1993-10-29,-0.97007
1993-11-05,-0.95460
1993-11-12,-0.94370
1993-11-19,-0.93858
1993-11-26,-0.94045
1993-12-03,-0.94864
1993-12-10,-0.96159
1993-12-17,-0.97739
1993-12-24,-0.99330
1993-12-31,-1.00711
1994-01-07,-1.01741
1994-01-14,-1.02338
1994-01-21,-1.02261
1994-01-28,-1.01572
1994-02-04,-1.00151
1994-02-11,-0.98008
1994-02-18,-0.95356
1994-02-25,-0.92299
1994-03-04,-0.88942
1994-03-11,-0.85559
1994-03-18,-0.82337
1994-03-25,-0.79379
1994-04-01,-0.76849
1994-04-08,-0.74950
1994-04-15,-0.73653
1994-04-22,-0.72825
1994-04-29,-0.72517
1994-05-06,-0.72335
1994-05-13,-0.72314
1994-05-20,-0.72448
1994-05-27,-0.72529
1994-06-03,-0.72405
1994-06-10,-0.72310
1994-06-17,-0.72076
1994-06-24,-0.71941
1994-07-01,-0.72064
1994-07-08,-0.72751
1994-07-15,-0.73970
1994-07-22,-0.75629
1994-07-29,-0.77431
1994-08-05,-0.79101
1994-08-12,-0.80441
1994-08-19,-0.81158
1994-08-26,-0.81035
1994-09-02,-0.80013
1994-09-09,-0.78130
1994-09-16,-0.75505
1994-09-23,-0.72518
1994-09-30,-0.69436
1994-10-07,-0.66618
1994-10-14,-0.64210
1994-10-21,-0.62149
1994-10-28,-0.60233
1994-11-04,-0.58300
1994-11-11,-0.56108
1994-11-18,-0.53549
1994-11-25,-0.50628
1994-12-02,-0.47580
1994-12-09,-0.44583
1994-12-16,-0.42242
1994-12-23,-0.40787
1994-12-30,-0.40546
1995-01-06,-0.41633
1995-01-13,-0.43922
1995-01-20,-0.47062
1995-01-27,-0.50652
1995-02-03,-0.54327
1995-02-10,-0.57695
1995-02-17,-0.60451
1995-02-24,-0.62493
1995-03-03,-0.63706
1995-03-10,-0.64200
1995-03-17,-0.64309
1995-03-24,-0.64186
1995-03-31,-0.64158
1995-04-07,-0.64391
1995-04-14,-0.65045
1995-04-21,-0.66122
1995-04-28,-0.67497
1995-05-05,-0.68958
1995-05-12,-0.70322
1995-05-19,-0.71257
1995-05-26,-0.71654
1995-06-02,-0.71382
1995-06-09,-0.70679
1995-06-16,-0.69614
1995-06-23,-0.68575
1995-06-30,-0.67721
1995-07-07,-0.67234
1995-07-14,-0.67305
1995-07-21,-0.67737
1995-07-28,-0.68443
1995-08-04,-0.69387
1995-08-11,-0.70337
1995-08-18,-0.71107
1995-08-25,-0.71616
1995-09-01,-0.71745
1995-09-08,-0.71560
1995-09-15,-0.71186
1995-09-22,-0.70653
1995-09-29,-0.70201
1995-10-06,-0.70093
1995-10-13,-0.70300
1995-10-20,-0.70891
1995-10-27,-0.71789
1995-11-03,-0.72970
1995-11-10,-0.74176
1995-11-17,-0.75094
1995-11-24,-0.75666
1995-12-01,-0.75801
1995-12-08,-0.75583
1995-12-15,-0.75125
1995-12-22,-0.74746
1995-12-29,-0.74700
1996-01-05,-0.75275
1996-01-12,-0.76312
1996-01-19,-0.77793
1996-01-26,-0.79561
1996-02-02,-0.81210
1996-02-09,-0.82340
1996-02-16,-0.82771
1996-02-23,-0.82360
1996-03-01,-0.81022
1996-03-08,-0.79106
1996-03-15,-0.76747
1996-03-22,-0.74414
1996-03-29,-0.72263
1996-04-05,-0.70539
1996-04-12,-0.69292
1996-04-19,-0.68727
1996-04-26,-0.68849
1996-05-03,-0.69403
1996-05-10,-0.70237
1996-05-17,-0.71111
1996-05-24,-0.71722
1996-05-31,-0.71961
1996-06-07,-0.71756
1996-06-14,-0.71341
1996-06-21,-0.70812
1996-06-28,-0.70402
1996-07-05,-0.70168
1996-07-12,-0.70231
1996-07-19,-0.70724
1996-07-26,-0.71565
1996-08-02,-0.72549
1996-08-09,-0.73651
1996-08-16,-0.74461
1996-08-23,-0.74876
1996-08-30,-0.74845
1996-09-06,-0.74420
1996-09-13,-0.73923
1996-09-20,-0.73501
1996-09-27,-0.73359
1996-10-04,-0.73667
1996-10-11,-0.74437
1996-10-18,-0.75491
1996-10-25,-0.76693
1996-11-01,-0.77816
1996-11-08,-0.78606
1996-11-15,-0.78835
1996-11-22,-0.78441
1996-11-29,-0.77393
1996-12-06,-0.75842
1996-12-13,-0.74046
1996-12-20,-0.72339
1996-12-27,-0.70936
1997-01-03,-0.69958
1997-01-10,-0.69486
1997-01-17,-0.69648
1997-01-24,-0.70292
1997-01-31,-0.71252
1997-02-07,-0.72313
1997-02-14,-0.73301
1997-02-21,-0.73847
1997-02-28,-0.73882
1997-03-07,-0.73323
1997-03-14,-0.72279
1997-03-21,-0.70890
1997-03-28,-0.69333
1997-04-04,-0.67704
1997-04-11,-0.66248
1997-04-18,-0.65013
1997-04-25,-0.64054
1997-05-02,-0.63474
1997-05-09,-0.63104
1997-05-16,-0.62940
1997-05-23,-0.62923
1997-05-30,-0.62961
1997-06-06,-0.63092
1997-06-13,-0.63374
1997-06-20,-0.63750
1997-06-27,-0.64187
1997-07-04,-0.64746
1997-07-11,-0.65204
1997-07-18,-0.65610
1997-07-25,-0.65918
1997-08-01,-0.66050
1997-08-08,-0.66010
1997-08-15,-0.65796
1997-08-22,-0.65449
1997-08-29,-0.64964
1997-09-05,-0.64373
1997-09-12,-0.63630
1997-09-19,-0.62699
1997-09-26,-0.61497
1997-10-03,-0.60002
1997-10-10,-0.58118
1997-10-17,-0.55929
1997-10-24,-0.53585
1997-10-31,-0.51300
1997-11-07,-0.49508
1997-11-14,-0.48149
1997-11-21,-0.47502
1997-11-28,-0.47469
1997-12-05,-0.47939
1997-12-12,-0.48746
1997-12-19,-0.49952
1997-12-26,-0.51481
1998-01-02,-0.53131
1998-01-09,-0.54815
1998-01-16,-0.56652
1998-01-23,-0.58394
1998-01-30,-0.60079
1998-02-06,-0.61623
1998-02-13,-0.62830
1998-02-20,-0.63692
1998-02-27,-0.64132
1998-03-06,-0.64069
1998-03-13,-0.63768
1998-03-20,-0.63363
1998-03-27,-0.62822
1998-04-03,-0.62271
1998-04-10,-0.61757
1998-04-17,-0.61220
1998-04-24,-0.60628
1998-05-01,-0.60002
1998-05-08,-0.59373
1998-05-15,-0.58740
1998-05-22,-0.58089
1998-05-29,-0.57327
1998-06-05,-0.56715
1998-06-12,-0.56215
1998-06-19,-0.55929
1998-06-26,-0.55782
1998-07-03,-0.55724
1998-07-10,-0.55503
1998-07-17,-0.54868
1998-07-24,-0.53502
1998-07-31,-0.51225
1998-08-07,-0.47813
1998-08-14,-0.43280
1998-08-21,-0.37772
1998-08-28,-0.31491
1998-09-04,-0.24921
1998-09-11,-0.18469
1998-09-18,-0.12380
1998-09-25,-0.06997
1998-10-02,-0.02685
1998-10-09,0.00296
1998-10-16,0.01583
1998-10-23,0.01066
1998-10-30,-0.00760
1998-11-06,-0.03420
1998-11-13,-0.06207
1998-11-20,-0.09113
1998-11-27,-0.11676
1998-12-04,-0.13792
1998-12-11,-0.15709
1998-12-18,-0.17508
1998-12-25,-0.19295
1999-01-01,-0.20957
1999-01-08,-0.22442
1999-01-15,-0.24003
1999-01-22,-0.25667
1999-01-29,-0.27524
1999-02-05,-0.29514
1999-02-12,-0.31579
1999-02-19,-0.33663
1999-02-26,-0.35589
1999-03-05,-0.37238
1999-03-12,-0.38667
1999-03-19,-0.39792
1999-03-26,-0.40629
1999-04-02,-0.41263
1999-04-09,-0.41758
1999-04-16,-0.42184
1999-04-23,-0.42529
1999-04-30,-0.42776
1999-05-07,-0.42786
1999-05-14,-0.42381
1999-05-21,-0.41536
1999-05-28,-0.40301
1999-06-04,-0.38794
1999-06-11,-0.37099
1999-06-18,-0.35276
1999-06-25,-0.33301
1999-07-02,-0.31170
1999-07-09,-0.28809
1999-07-16,-0.26215
1999-07-23,-0.23628
1999-07-30,-0.21243
1999-08-06,-0.19101
1999-08-13,-0.17418
1999-08-20,-0.16155
1999-08-27,-0.15081
1999-09-03,-0.13945
1999-09-10,-0.12673
1999-09-17,-0.11383
1999-09-24,-0.10159
1999-10-01,-0.09104
1999-10-08,-0.08474
1999-10-15,-0.08674
1999-10-22,-0.09633
1999-10-29,-0.11165
1999-11-05,-0.12953
1999-11-12,-0.14728
1999-11-19,-0.16198
1999-11-26,-0.16949
1999-12-03,-0.17165
1999-12-10,-0.17007
1999-12-17,-0.16879
1999-12-24,-0.16922
1999-12-31,-0.17272
2000-01-07,-0.18259
2000-01-14,-0.19387
2000-01-21,-0.20423
2000-01-28,-0.21158
2000-02-04,-0.21347
2000-02-11,-0.21123
2000-02-18,-0.20348
2000-02-25,-0.19069
2000-03-03,-0.17469
2000-03-10,-0.15470
2000-03-17,-0.13257
2000-03-24,-0.11041
2000-03-31,-0.08959
2000-04-07,-0.07385
2000-04-14,-0.05956
2000-04-21,-0.04663
2000-04-28,-0.03271
2000-05-05,-0.01687
2000-05-12,-0.00161
2000-05-19,0.01263
2000-05-26,0.02472
2000-06-02,0.03212
2000-06-09,0.03336
2000-06-16,0.02869
2000-06-23,0.01687
2000-06-30,-0.00120
2000-07-07,-0.02604
2000-07-14,-0.05523
2000-07-21,-0.08580
2000-07-28,-0.11626
2000-08-04,-0.14433
2000-08-11,-0.16848
2000-08-18,-0.18669
2000-08-25,-0.19905
2000-09-01,-0.20643
2000-09-08,-0.20843
2000-09-15,-0.20703
2000-09-22,-0.20270
2000-09-29,-0.19673
2000-10-06,-0.18996
2000-10-13,-0.18193
2000-10-20,-0.17525
2000-10-27,-0.16829
2000-11-03,-0.15870
2000-11-10,-0.14545
2000-11-17,-0.12778
2000-11-24,-0.10720
2000-12-01,-0.08677
2000-12-08,-0.07119
2000-12-15,-0.06549
2000-12-22,-0.07055
2000-12-29,-0.09072
2001-01-05,-0.12034
2001-01-12,-0.15594
2001-01-19,-0.19269
2001-01-26,-0.22594
2001-02-02,-0.25283
2001-02-09,-0.27139
2001-02-16,-0.28045
2001-02-23,-0.27970
2001-03-02,-0.27360
2001-03-09,-0.26484
2001-03-16,-0.25589
2001-03-23,-0.25183
2001-03-30,-0.25531
2001-04-06,-0.26499
2001-04-13,-0.28409
2001-04-20,-0.30847
2001-04-27,-0.33524
2001-05-04,-0.36315
2001-05-11,-0.38842
2001-05-18,-0.40824
2001-05-25,-0.42416
2001-06-01,-0.43541
2001-06-08,-0.44316
2001-06-15,-0.44902
2001-06-22,-0.45468
2001-06-29,-0.46143
2001-07-06,-0.47055
2001-07-13,-0.48096
2001-07-20,-0.49145
2001-07-27,-0.50101
2001-08-03,-0.50590
2001-08-10,-0.50170
2001-08-17,-0.48804
2001-08-24,-0.46404
2001-08-31,-0.43325
2001-09-07,-0.39942
2001-09-14,-0.36732
2001-09-21,-0.34510
2001-09-28,-0.33864
2001-10-05,-0.34086
2001-10-12,-0.35222
2001-10-19,-0.36789
2001-10-26,-0.38443
2001-11-02,-0.39608
2001-11-09,-0.40144
2001-11-16,-0.39975
2001-11-23,-0.38968
2001-11-30,-0.37587
2001-12-07,-0.36325
2001-12-14,-0.35699
2001-12-21,-0.35930
2001-12-28,-0.37268
2002-01-04,-0.39294
2002-01-11,-0.41849
2002-01-18,-0.44392
2002-01-25,-0.46512
2002-02-01,-0.48026
2002-02-08,-0.48928
2002-02-15,-0.49362
2002-02-22,-0.49383
2002-03-01,-0.49322
2002-03-08,-0.49224
2002-03-15,-0.49282
2002-03-22,-0.49696
2002-03-29,-0.50521
2002-04-05,-0.51854
2002-04-12,-0.53713
2002-04-19,-0.55894
2002-04-26,-0.58172
2002-05-03,-0.60399
2002-05-10,-0.62040
2002-05-17,-0.63097
2002-05-24,-0.63293
2002-05-31,-0.62685
2002-06-07,-0.61275
2002-06-14,-0.59248
2002-06-21,-0.56781
2002-06-28,-0.54049
2002-07-05,-0.51267
2002-07-12,-0.48547
2002-07-19,-0.46172
2002-07-26,-0.44126
2002-08-02,-0.42699
2002-08-09,-0.41573
2002-08-16,-0.40830
2002-08-23,-0.40029
2002-08-30,-0.39191
2002-09-06,-0.38132
2002-09-13,-0.37069
2002-09-20,-0.36115
2002-09-27,-0.35532
2002-10-04,-0.35466
2002-10-11,-0.36050
2002-10-18,-0.37314
2002-10-25,-0.38876
2002-11-01,-0.40721
2002-11-08,-0.42499
2002-11-15,-0.44035
2002-11-22,-0.45106
2002-11-29,-0.45734
2002-12-06,-0.45974
2002-12-13,-0.46300
2002-12-20,-0.46678
2002-12-27,-0.47346
2003-01-03,-0.48412
2003-01-10,-0.49724
2003-01-17,-0.50961
2003-01-24,-0.51921
2003-01-31,-0.52631
2003-02-07,-0.53017
2003-02-14,-0.53276
2003-02-21,-0.53540
2003-02-28,-0.53962
2003-03-07,-0.54622
2003-03-14,-0.55623
2003-03-21,-0.57090
2003-03-28,-0.59042
2003-04-04,-0.61366
2003-04-11,-0.63915
2003-04-18,-0.66369
2003-04-25,-0.68500
2003-05-02,-0.70124
2003-05-09,-0.71086
2003-05-16,-0.71532
2003-05-23,-0.71581
2003-05-30,-0.71446
2003-06-06,-0.71261
2003-06-13,-0.71193
2003-06-20,-0.71339
2003-06-27,-0.71602
2003-07-04,-0.71894
2003-07-11,-0.72047
2003-07-18,-0.71873
2003-07-25,-0.71371
2003-08-01,-0.70386
2003-08-08,-0.69369
2003-08-15,-0.68367
2003-08-22,-0.67557
2003-08-29,-0.67043
2003-09-05,-0.66896
2003-09-12,-0.67126
2003-09-19,-0.67657
2003-09-26,-0.68348
2003-10-03,-0.69129
2003-10-10,-0.69986
2003-10-17,-0.70781
2003-10-24,-0.71347
2003-10-31,-0.71793
2003-11-07,-0.72005
2003-11-14,-0.72022
2003-11-21,-0.71901
2003-11-28,-0.71771
2003-12-05,-0.71588
2003-12-12,-0.71665
2003-12-19,-0.71997
2003-12-26,-0.72625
2004-01-02,-0.73615
2004-01-09,-0.74932
2004-01-16,-0.76315
2004-01-23,-0.77646
2004-01-30,-0.78870
2004-02-06,-0.79863
2004-02-13,-0.80732
2004-02-20,-0.81344
2004-02-27,-0.81694
2004-03-05,-0.81760
2004-03-12,-0.81613
2004-03-19,-0.81197
2004-03-26,-0.80538
2004-04-02,-0.79693
2004-04-09,-0.78592
2004-04-16,-0.77248
2004-04-23,-0.75725
2004-04-30,-0.74183
2004-05-07,-0.72693
2004-05-14,-0.71426
2004-05-21,-0.70422
2004-05-28,-0.69710
2004-06-04,-0.69231
2004-06-11,-0.68966
2004-06-18,-0.68825
2004-06-25,-0.68866
2004-07-02,-0.68999
2004-07-09,-0.69198
2004-07-16,-0.69378
2004-07-23,-0.69582
2004-07-30,-0.69790
2004-08-06,-0.69912
2004-08-13,-0.70096
2004-08-20,-0.70227
2004-08-27,-0.70333
2004-09-03,-0.70304
2004-09-10,-0.70292
2004-09-17,-0.70258
2004-09-24,-0.70198
2004-10-01,-0.70120
2004-10-08,-0.70112
2004-10-15,-0.70184
2004-10-22,-0.70441
2004-10-29,-0.70753
2004-11-05,-0.71107
2004-11-12,-0.71525
2004-11-19,-0.71741
2004-11-26,-0.71804
2004-12-03,-0.71642
2004-12-10,-0.71342
2004-12-17,-0.70866
2004-12-24,-0.70346
2004-12-31,-0.69934
2005-01-07,-0.69704
2005-01-14,-0.69753
2005-01-21,-0.70005
2005-01-28,-0.70463
2005-02-04,-0.71012
2005-02-11,-0.71407
2005-02-18,-0.71484
2005-02-25,-0.71203
2005-03-04,-0.70504
2005-03-11,-0.69474
2005-03-18,-0.68141
2005-03-25,-0.66696
2005-04-01,-0.65261
2005-04-08,-0.63932
2005-04-15,-0.62765
2005-04-22,-0.61818
2005-04-29,-0.61111
2005-05-06,-0.60594
2005-05-13,-0.60229
2005-05-20,-0.60065
2005-05-27,-0.60100
2005-06-03,-0.60168
2005-06-10,-0.60312
2005-06-17,-0.60431
2005-06-24,-0.60586
2005-07-01,-0.60778
2005-07-08,-0.60930
2005-07-15,-0.61224
2005-07-22,-0.61420
2005-07-29,-0.61529
2005-08-05,-0.61425
2005-08-12,-0.61175
2005-08-19,-0.60669
2005-08-26,-0.60006
2005-09-02,-0.59219
2005-09-09,-0.58436
2005-09-16,-0.57695
2005-09-23,-0.57107
2005-09-30,-0.56796
2005-10-07,-0.56870
2005-10-14,-0.57281
2005-10-21,-0.57866
2005-10-28,-0.58489
2005-11-04,-0.58892
2005-11-11,-0.59045
2005-11-18,-0.58792
2005-11-25,-0.58300
2005-12-02,-0.57639
2005-12-09,-0.56989
2005-12-16,-0.56499
2005-12-23,-0.56352
2005-12-30,-0.56524
2006-01-06,-0.57140
2006-01-13,-0.58121
2006-01-20,-0.59181
2006-01-27,-0.60396
2006-02-03,-0.61471
2006-02-10,-0.62325
2006-02-17,-0.62982
2006-02-24,-0.63391
2006-03-03,-0.63508
2006-03-10,-0.63461
2006-03-17,-0.63328
2006-03-24,-0.63176
2006-03-31,-0.62923
2006-04-07,-0.62709
2006-04-14,-0.62476
2006-04-21,-0.62298
2006-04-28,-0.62022
2006-05-05,-0.61498
2006-05-12,-0.60769
2006-05-19,-0.59630
2006-05-26,-0.58292
2006-06-02,-0.56866
2006-06-09,-0.55493
2006-06-16,-0.54246
2006-06-23,-0.53354
2006-06-30,-0.52946
2006-07-07,-0.53010
2006-07-14,-0.53592
2006-07-21,-0.54611
2006-07-28,-0.55970
2006-08-04,-0.57389
2006-08-11,-0.58706
2006-08-18,-0.59758
2006-08-25,-0.60442
2006-09-01,-0.60731
2006-09-08,-0.60736
2006-09-15,-0.60622
2006-09-22,-0.60563
2006-09-29,-0.60663
2006-10-06,-0.61014
2006-10-13,-0.61620
2006-10-20,-0.62277
2006-10-27,-0.62905
2006-11-03,-0.63271
2006-11-10,-0.63393
2006-11-17,-0.63245
2006-11-24,-0.62890
2006-12-01,-0.62463
2006-12-08,-0.62185
2006-12-15,-0.62243
2006-12-22,-0.62695
2006-12-29,-0.63538
2007-01-05,-0.64717
2007-01-12,-0.66025
2007-01-19,-0.67253
2007-01-26,-0.68192
2007-02-02,-0.68561
2007-02-09,-0.68408
2007-02-16,-0.67629
2007-02-23,-0.66373
2007-03-02,-0.64798
2007-03-09,-0.63347
2007-03-16,-0.62128
2007-03-23,-0.61296
2007-03-30,-0.60706
2007-04-06,-0.60325
2007-04-13,-0.59956
2007-04-20,-0.59510
2007-04-27,-0.58854
2007-05-04,-0.57976
2007-05-11,-0.57124
2007-05-18,-0.56230
2007-05-25,-0.55379
2007-06-01,-0.54735
2007-06-08,-0.54429
2007-06-15,-0.54057
2007-06-22,-0.53520
2007-06-29,-0.52318
2007-07-06,-0.49861
2007-07-13,-0.45417
2007-07-20,-0.38603
2007-07-27,-0.29237
2007-08-03,-0.18042
2007-08-10,-0.06004
2007-08-17,0.05842
2007-08-24,0.15342
2007-08-31,0.20541
2007-09-07,0.22149
2007-09-14,0.19776
2007-09-21,0.14086
2007-09-28,0.07549
2007-10-05,0.01472
2007-10-12,-0.02574
2007-10-19,-0.03260
2007-10-26,-0.00191
2007-11-02,0.06500
2007-11-09,0.16316
2007-11-16,0.27413
2007-11-23,0.38676
2007-11-30,0.48023
2007-12-07,0.54320
2007-12-14,0.56967
2007-12-21,0.55897
2007-12-28,0.51902
2008-01-04,0.47100
2008-01-11,0.42596
2008-01-18,0.40219
2008-01-25,0.40973
2008-02-01,0.43949
2008-02-08,0.50098
2008-02-15,0.58583
2008-02-22,0.68510
2008-02-29,0.78543
2008-03-07,0.87725
2008-03-14,0.93863
2008-03-21,0.96327
2008-03-28,0.94269
2008-04-04,0.88968
2008-04-11,0.81586
2008-04-18,0.73355
2008-04-25,0.64795
2008-05-02,0.57282
2008-05-09,0.51816
2008-05-16,0.48561
2008-05-23,0.48063
2008-05-30,0.50185
2008-06-06,0.54761
2008-06-13,0.60164
2008-06-20,0.65820
2008-06-27,0.71057
2008-07-04,0.74308
2008-07-11,0.75214
2008-07-18,0.74237
2008-07-25,0.71398
2008-08-01,0.68309
2008-08-08,0.66723
2008-08-15,0.67463
2008-08-22,0.73021
2008-08-29,0.83798
2008-09-05,1.00539
2008-09-12,1.22642
2008-09-19,1.51078
2008-09-26,1.79243
2008-10-03,2.07327
2008-10-10,2.32479
2008-10-17,2.51981
2008-10-24,2.66073
2008-10-31,2.78097
2008-11-07,2.87285
2008-11-14,2.95306
2008-11-21,3.03003
2008-11-28,3.05715
2008-12-05,3.05082
2008-12-12,2.98643
2008-12-19,2.86196
2008-12-26,2.70217
2009-01-02,2.54932
2009-01-09,2.39680
2009-01-16,2.27327
2009-01-23,2.18338
2009-01-30,2.12379
2009-02-06,2.09358
2009-02-13,2.09434
2009-02-20,2.11136
2009-02-27,2.12801
2009-03-06,2.13249
2009-03-13,2.09520
2009-03-20,2.02270
2009-03-27,1.91751
2009-04-03,1.79313
2009-04-10,1.65320
2009-04-17,1.51164
2009-04-24,1.37284
2009-05-01,1.23792
2009-05-08,1.11406
2009-05-15,1.01272
2009-05-22,0.92868
2009-05-29,0.86951
2009-06-05,0.82242
2009-06-12,0.78684
2009-06-19,0.75680
2009-06-26,0.72012
2009-07-03,0.67481
2009-07-10,0.61982
2009-07-17,0.55319
2009-07-24,0.48174
2009-07-31,0.41318
2009-08-07,0.35347
2009-08-14,0.30475
2009-08-21,0.26443
2009-08-28,0.22795
2009-09-04,0.19588
2009-09-11,0.16287
2009-09-18,0.13003
2009-09-25,0.10115
2009-10-02,0.07904
2009-10-09,0.05833
2009-10-16,0.04137
2009-10-23,0.02816
2009-10-30,0.02031
2009-11-06,0.01144
2009-11-13,-0.00038
2009-11-20,-0.01424
2009-11-27,-0.03268
2009-12-04,-0.05714
2009-12-11,-0.08796
2009-12-18,-0.12053
2009-12-25,-0.15131
2010-01-01,-0.17641
2010-01-08,-0.19677
2010-01-15,-0.20627
2010-01-22,-0.20491
2010-01-29,-0.20060
2010-02-05,-0.19673
2010-02-12,-0.19981
2010-02-19,-0.21679
2010-02-26,-0.24544
2010-03-05,-0.28518
2010-03-12,-0.33137
2010-03-19,-0.37702
2010-03-26,-0.41778
2010-04-02,-0.44618
2010-04-09,-0.45795
2010-04-16,-0.44675
2010-04-23,-0.41113
2010-04-30,-0.35197
2010-05-07,-0.27491
2010-05-14,-0.19838
2010-05-21,-0.12513
2010-05-28,-0.07047
2010-06-04,-0.03942
2010-06-11,-0.03038
2010-06-18,-0.04506
2010-06-25,-0.07250
2010-07-02,-0.10699
2010-07-09,-0.14876
2010-07-16,-0.18920
2010-07-23,-0.22252
2010-07-30,-0.24711
2010-08-06,-0.26149
2010-08-13,-0.26641
2010-08-20,-0.26781
2010-08-27,-0.26998
2010-09-03,-0.27726
2010-09-10,-0.29200
2010-09-17,-0.31117
2010-09-24,-0.33296
2010-10-01,-0.35687
2010-10-08,-0.38047
2010-10-15,-0.40210
2010-10-22,-0.41950
2010-10-29,-0.43316
2010-11-05,-0.44229
2010-11-12,-0.44570
2010-11-19,-0.44788
2010-11-26,-0.45043
2010-12-03,-0.45633
2010-12-10,-0.46817
2010-12-17,-0.48347
2010-12-24,-0.50283
2010-12-31,-0.52390
2011-01-07,-0.54547
2011-01-14,-0.56567
2011-01-21,-0.58300
2011-01-28,-0.59496
2011-02-04,-0.59986
2011-02-11,-0.59818
2011-02-18,-0.58868
2011-02-25,-0.57361
2011-03-04,-0.55992
2011-03-11,-0.54936
2011-03-18,-0.54383
2011-03-25,-0.54882
2011-04-01,-0.55960
2011-04-08,-0.57394
2011-04-15,-0.58734
2011-04-22,-0.59686
2011-04-29,-0.60057
2011-05-06,-0.59738
2011-05-13,-0.58802
2011-05-20,-0.57566
2011-05-27,-0.56185
2011-06-03,-0.54848
2011-06-10,-0.53617
2011-06-17,-0.52736
2011-06-24,-0.52030
2011-07-01,-0.51330
2011-07-08,-0.50123
2011-07-15,-0.47873
2011-07-22,-0.44439
2011-07-29,-0.39539
2011-08-05,-0.33138
2011-08-12,-0.25965
2011-08-19,-0.19630
2011-08-26,-0.13793
2011-09-02,-0.09539
2011-09-09,-0.06356
2011-09-16,-0.04572
2011-09-23,-0.03671
2011-09-30,-0.03897
2011-10-07,-0.05068
2011-10-14,-0.07224
2011-10-21,-0.09040
2011-10-28,-0.10455
2011-11-04,-0.10610
2011-11-11,-0.09879
2011-11-18,-0.08629
2011-11-25,-0.07343
2011-12-02,-0.07188
2011-12-09,-0.07814
2011-12-16,-0.09194
2011-12-23,-0.11635
2011-12-30,-0.15046
2012-01-06,-0.19183
2012-01-13,-0.23816
2012-01-20,-0.28424
2012-01-27,-0.32595
2012-02-03,-0.35860
2012-02-10,-0.38244
2012-02-17,-0.39805
2012-02-24,-0.41008
2012-03-02,-0.42103
2012-03-09,-0.42923
2012-03-16,-0.43676
2012-03-23,-0.44046
2012-03-30,-0.43840
2012-04-06,-0.43080
2012-04-13,-0.41804
2012-04-20,-0.40242
2012-04-27,-0.38145
2012-05-04,-0.35540
2012-05-11,-0.32384
2012-05-18,-0.29042
2012-05-25,-0.26371
2012-06-01,-0.24466
2012-06-08,-0.23730
2012-06-15,-0.24278
2012-06-22,-0.25818
2012-06-29,-0.27752
2012-07-06,-0.30055
2012-07-13,-0.32424
2012-07-20,-0.34809
2012-07-27,-0.36945
2012-08-03,-0.39087
2012-08-10,-0.41004
2012-08-17,-0.42823
2012-08-24,-0.44630
2012-08-31,-0.46364
2012-09-07,-0.48207
2012-09-14,-0.50131
2012-09-21,-0.51749
2012-09-28,-0.53056
2012-10-05,-0.54158
2012-10-12,-0.54855
2012-10-19,-0.55269
2012-10-26,-0.55252
2012-11-02,-0.55126
2012-11-09,-0.54942
2012-11-16,-0.54891
2012-11-23,-0.55267
2012-11-30,-0.55835
2012-12-07,-0.56686
2012-12-14,-0.57829
2012-12-21,-0.59072
2012-12-28,-0.60279
2013-01-04,-0.61737
2013-01-11,-0.63011
2013-01-18,-0.63966
2013-01-25,-0.64643
2013-02-01,-0.64997
2013-02-08,-0.65125
2013-02-15,-0.65261
2013-02-22,-0.65357
2013-03-01,-0.65396
2013-03-08,-0.65618
2013-03-15,-0.65902
2013-03-22,-0.66198
2013-03-29,-0.66664
2013-04-05,-0.67383
2013-04-12,-0.68428
2013-04-19,-0.69499
2013-04-26,-0.70722
2013-05-03,-0.71702
2013-05-10,-0.72202
2013-05-17,-0.71980
2013-05-24,-0.71030
2013-05-31,-0.69419
2013-06-07,-0.67473
2013-06-14,-0.65588
2013-06-21,-0.64032
2013-06-28,-0.63295
2013-07-05,-0.63314
2013-07-12,-0.64047
2013-07-19,-0.65252
2013-07-26,-0.66413
2013-08-02,-0.67226
2013-08-09,-0.67612
2013-08-16,-0.67534
2013-08-23,-0.67142
2013-08-30,-0.66753
2013-09-06,-0.66590
2013-09-13,-0.66793
2013-09-20,-0.67281
2013-09-27,-0.68030
2013-10-04,-0.69001
2013-10-11,-0.70230
2013-10-18,-0.71625
2013-10-25,-0.73005
2013-11-01,-0.74194
2013-11-08,-0.75250
2013-11-15,-0.76136
2013-11-22,-0.76805
2013-11-29,-0.77335
2013-12-06,-0.77711
2013-12-13,-0.78019
2013-12-20,-0.78210
2013-12-27,-0.78300
2014-01-03,-0.78067
2014-01-10,-0.77793
2014-01-17,-0.77375
2014-01-24,-0.76945
2014-01-31,-0.76675
2014-02-07,-0.76728
2014-02-14,-0.77102
2014-02-21,-0.77531
2014-02-28,-0.77949
2014-03-07,-0.78245
2014-03-14,-0.78290
2014-03-21,-0.78199
2014-03-28,-0.77921
2014-04-04,-0.77733
2014-04-11,-0.77478
2014-04-18,-0.77293
2014-04-25,-0.77232
2014-05-02,-0.77365
2014-05-09,-0.77661
2014-05-16,-0.78083
2014-05-23,-0.78706
2014-05-30,-0.79290
2014-06-06,-0.79629
2014-06-13,-0.79651
2014-06-20,-0.79319
2014-06-27,-0.78626
2014-07-04,-0.77636
2014-07-11,-0.76493
2014-07-18,-0.75289
2014-07-25,-0.74236
2014-08-01,-0.73387
2014-08-08,-0.72894
2014-08-15,-0.72846
2014-08-22,-0.72821
2014-08-29,-0.72577
2014-09-05,-0.71987
2014-09-12,-0.70909
2014-09-19,-0.69384
2014-09-26,-0.67634
2014-10-03,-0.65991
2014-10-10,-0.64796
2014-10-17,-0.63985
2014-10-24,-0.64110
2014-10-31,-0.64626
2014-11-07,-0.65341
2014-11-14,-0.65839
2014-11-21,-0.65763
2014-11-28,-0.65095
2014-12-05,-0.63772
2014-12-12,-0.61750
2014-12-19,-0.59425
2014-12-26,-0.57214
2015-01-02,-0.54955
2015-01-09,-0.53116
2015-01-16,-0.51653
2015-01-23,-0.50813
2015-01-30,-0.50475
2015-02-06,-0.50623
2015-02-13,-0.51094
2015-02-20,-0.51780
2015-02-27,-0.52500
2015-03-06,-0.53012
2015-03-13,-0.53393
2015-03-20,-0.53722
2015-03-27,-0.53910
2015-04-03,-0.54079
2015-04-10,-0.54291
2015-04-17,-0.54435
2015-04-24,-0.54642
2015-05-01,-0.54741
2015-05-08,-0.54733
2015-05-15,-0.54775
2015-05-22,-0.54832
2015-05-29,-0.54810
2015-06-05,-0.54741
2015-06-12,-0.54628
2015-06-19,-0.54356
2015-06-26,-0.54086
2015-07-03,-0.53569
2015-07-10,-0.53068
2015-07-17,-0.52529
2015-07-24,-0.51560
2015-07-31,-0.50089
2015-08-07,-0.48197
2015-08-14,-0.46040
2015-08-21,-0.43780
2015-08-28,-0.41738
2015-09-04,-0.40428
2015-09-11,-0.39853
2015-09-18,-0.39870
2015-09-25,-0.40450
2015-10-02,-0.41433
2015-10-09,-0.43020
2015-10-16,-0.44481
2015-10-23,-0.45785
2015-10-30,-0.46715
2015-11-06,-0.47075
2015-11-13,-0.46720
2015-11-20,-0.45784
2015-11-27,-0.44397
2015-12-04,-0.42540
2015-12-11,-0.40324
2015-12-18,-0.38162
2015-12-25,-0.36146
2016-01-01,-0.34370
2016-01-08,-0.32799
2016-01-15,-0.31422
2016-01-22,-0.30386
2016-01-29,-0.29708
2016-02-05,-0.29335
2016-02-12,-0.29345
2016-02-19,-0.30212
2016-02-26,-0.31517
2016-03-04,-0.33102
2016-03-11,-0.34679
2016-03-18,-0.36100
2016-03-25,-0.37058
2016-04-01,-0.37741
2016-04-08,-0.38101
2016-04-15,-0.38370
2016-04-22,-0.38545
2016-04-29,-0.38537
2016-05-06,-0.38385
2016-05-13,-0.38204
2016-05-20,-0.37909
2016-05-27,-0.37464
2016-06-03,-0.36848
2016-06-10,-0.36154
2016-06-17,-0.35366
2016-06-24,-0.34849
2016-07-01,-0.34529
2016-07-08,-0.34634
2016-07-15,-0.35044
2016-07-22,-0.35470
2016-07-29,-0.35902
2016-08-05,-0.36133
2016-08-12,-0.36165
2016-08-19,-0.35939
2016-08-26,-0.35432
2016-09-02,-0.34729
2016-09-09,-0.34139
2016-09-16,-0.33699
2016-09-23,-0.33574
2016-09-30,-0.33887
2016-10-07,-0.34601
2016-10-14,-0.35509
2016-10-21,-0.36629
2016-10-28,-0.37925
2016-11-04,-0.39129
2016-11-11,-0.40528
2016-11-18,-0.41812
2016-11-25,-0.42945
2016-12-02,-0.43942
2016-12-09,-0.44836
2016-12-16,-0.45536
2016-12-23,-0.46125
2016-12-30,-0.46769
2017-01-06,-0.47343
2017-01-13,-0.47924
2017-01-20,-0.48407
2017-01-27,-0.48774
2017-02-03,-0.49011
2017-02-10,-0.49139
2017-02-17,-0.49079
2017-02-24,-0.48863
2017-03-03,-0.48670
2017-03-10,-0.48412
2017-03-17,-0.48176
2017-03-24,-0.48024
2017-03-31,-0.48160
2017-04-07,-0.48491
2017-04-14,-0.49060
2017-04-21,-0.49833
2017-04-28,-0.50845
2017-05-05,-0.51857
2017-05-12,-0.52855
2017-05-19,-0.53739
2017-05-26,-0.54647
2017-06-02,-0.55369
2017-06-09,-0.55951
2017-06-16,-0.56394
2017-06-23,-0.56698
2017-06-30,-0.57024
2017-07-07,-0.57332
2017-07-14,-0.57656
2017-07-21,-0.57879
2017-07-28,-0.57843
2017-08-04,-0.57534
2017-08-11,-0.57007
2017-08-18,-0.56464
2017-08-25,-0.56061
2017-09-01,-0.55847
2017-09-08,-0.55815
2017-09-15,-0.56106
2017-09-22,-0.56550
2017-09-29,-0.57103
2017-10-06,-0.57795
2017-10-13,-0.58510
2017-10-20,-0.59199
2017-10-27,-0.59740
2017-11-03,-0.60161
2017-11-10,-0.60375
2017-11-17,-0.60485
2017-11-24,-0.60578
2017-12-01,-0.60689
2017-12-08,-0.60819
2017-12-15,-0.61092
2017-12-22,-0.61476
2017-12-29,-0.61840
2018-01-05,-0.62205
2018-01-12,-0.62202
2018-01-19,-0.61752
2018-01-26,-0.60854
2018-02-02,-0.59470
2018-02-09,-0.57691
2018-02-16,-0.56116
2018-02-23,-0.54628
2018-03-02,-0.53191
2018-03-09,-0.51878
2018-03-16,-0.50828
2018-03-23,-0.50075
2018-03-30,-0.49912
2018-04-06,-0.50274
2018-04-13,-0.51282
2018-04-20,-0.52712
2018-04-27,-0.54064
2018-05-04,-0.55263
2018-05-11,-0.56180
2018-05-18,-0.56664
2018-05-25,-0.56623
2018-06-01,-0.56129
2018-06-08,-0.55545
2018-06-15,-0.54856
2018-06-22,-0.54269
2018-06-29,-0.53950
2018-07-06,-0.54074
2018-07-13,-0.54623
2018-07-20,-0.55430
2018-07-27,-0.56350
2018-08-03,-0.57270
2018-08-10,-0.58183
2018-08-17,-0.58885
2018-08-24,-0.59468
2018-08-31,-0.59875
2018-09-07,-0.60097
2018-09-14,-0.60136
2018-09-21,-0.59880
2018-09-28,-0.59446
2018-10-05,-0.58776
2018-10-12,-0.57774
2018-10-19,-0.56645
2018-10-26,-0.55284
2018-11-02,-0.53747
2018-11-09,-0.52128
2018-11-16,-0.50171
2018-11-23,-0.48031
2018-11-30,-0.45996
2018-12-07,-0.44078
2018-12-14,-0.42737
2018-12-21,-0.42141
2018-12-28,-0.42491
2019-01-04,-0.43810
2019-01-11,-0.45828
2019-01-18,-0.48205
2019-01-25,-0.50662
2019-02-01,-0.53069
2019-02-08,-0.55136
2019-02-15,-0.56877
2019-02-22,-0.58220
2019-03-01,-0.59124
2019-03-08,-0.59652
2019-03-15,-0.60044
2019-03-22,-0.60441
2019-03-29,-0.60718
2019-04-05,-0.61133
2019-04-12,-0.61463
2019-04-19,-0.61664
2019-04-26,-0.61564
2019-05-03,-0.61219
2019-05-10,-0.60528
2019-05-17,-0.59697
2019-05-24,-0.58880
2019-05-31,-0.58072
2019-06-07,-0.57528
2019-06-14,-0.57309
2019-06-21,-0.57293
2019-06-28,-0.57526
2019-07-05,-0.57930
2019-07-12,-0.58133
2019-07-19,-0.58126
2019-07-26,-0.57804
2019-08-02,-0.57035
2019-08-09,-0.55953
2019-08-16,-0.54796
2019-08-23,-0.53771
2019-08-30,-0.52821
2019-09-06,-0.52120
2019-09-13,-0.51559
2019-09-20,-0.51134
2019-09-27,-0.51113
2019-10-04,-0.51453
2019-10-11,-0.52281
2019-10-18,-0.53516
2019-10-25,-0.54906
2019-11-01,-0.56124
2019-11-08,-0.57102
2019-11-15,-0.57632
2019-11-22,-0.57644
2019-11-29,-0.57155
2019-12-06,-0.56256
2019-12-13,-0.55496
2019-12-20,-0.55084
2019-12-27,-0.55546
2020-01-03,-0.56855
2020-01-10,-0.58852
2020-01-17,-0.61001
2020-01-24,-0.62358
2020-01-31,-0.62168
2020-02-07,-0.59624
2020-02-14,-0.53655
2020-02-21,-0.43591
2020-02-28,-0.29565
2020-03-06,-0.13219
2020-03-13,0.03673
2020-03-20,0.18457
2020-03-27,0.27856
2020-04-03,0.31744
2020-04-10,0.30369
2020-04-17,0.24754
2020-04-24,0.16826
2020-05-01,0.06983
2020-05-08,-0.03081
2020-05-15,-0.12211
2020-05-22,-0.20278
2020-05-29,-0.26696
2020-06-05,-0.31403
2020-06-12,-0.34414
2020-06-19,-0.36693
2020-06-26,-0.38524
2020-07-03,-0.40250
2020-07-10,-0.42118
2020-07-17,-0.44012
2020-07-24,-0.45932
2020-07-31,-0.47698
2020-08-07,-0.49078
2020-08-14,-0.50112
2020-08-21,-0.50727
2020-08-28,-0.50922
2020-09-04,-0.50693
2020-09-11,-0.50240
2020-09-18,-0.49846
2020-09-25,-0.49263
2020-10-02,-0.48938
2020-10-09,-0.48943
2020-10-16,-0.49184
2020-10-23,-0.49766
2020-10-30,-0.50610
2020-11-06,-0.51971
2020-11-13,-0.53651
2020-11-20,-0.55278
2020-11-27,-0.56746
2020-12-04,-0.58044
2020-12-11,-0.59071
2020-12-18,-0.59814
2020-12-25,-0.60439
2021-01-01,-0.60970
2021-01-08,-0.61424
2021-01-15,-0.61694
2021-01-22,-0.61894
2021-01-29,-0.61927
2021-02-05,-0.62147
2021-02-12,-0.62318
2021-02-19,-0.62497
2021-02-26,-0.62702
2021-03-05,-0.63120
2021-03-12,-0.63627
2021-03-19,-0.64174
2021-03-26,-0.64835
2021-04-02,-0.65533
2021-04-09,-0.66361
2021-04-16,-0.67050
2021-04-23,-0.67683
2021-04-30,-0.68219
2021-05-07,-0.68714
2021-05-14,-0.68924
2021-05-21,-0.69174
2021-05-28,-0.69391
2021-06-04,-0.69483
2021-06-11,-0.69406
2021-06-18,-0.69095
2021-06-25,-0.68688
2021-07-02,-0.68128
2021-07-09,-0.67454
2021-07-16,-0.66779
2021-07-23,-0.66124
2021-07-30,-0.65593
2021-08-06,-0.65128
2021-08-13,-0.64857
2021-08-20,-0.64690
2021-08-27,-0.64762
2021-09-03,-0.64880
2021-09-10,-0.65066
2021-09-17,-0.65283
2021-09-24,-0.65406
2021-10-01,-0.65436
2021-10-08,-0.65265
2021-10-15,-0.64707
2021-10-22,-0.63720
2021-10-29,-0.62269
2021-11-05,-0.60490
2021-11-12,-0.58546
2021-11-19,-0.56727
2021-11-26,-0.55108
2021-12-03,-0.53983
2021-12-10,-0.53766
2021-12-17,-0.54028
2021-12-24,-0.54738
2021-12-31,-0.55607
2022-01-07,-0.56209
2022-01-14,-0.56233
2022-01-21,-0.55582
2022-01-28,-0.54178
2022-02-04,-0.52281
2022-02-11,-0.49729
2022-02-18,-0.46750
2022-02-25,-0.43775
2022-03-04,-0.41044
2022-03-11,-0.38927
2022-03-18,-0.37730
2022-03-25,-0.37163
2022-04-01,-0.36947
2022-04-08,-0.36718
2022-04-15,-0.36053
2022-04-22,-0.35035
2022-04-29,-0.33545
2022-05-06,-0.31795
2022-05-13,-0.29921
2022-05-20,-0.28033
2022-05-27,-0.25914
2022-06-03,-0.23613
2022-06-10,-0.21168
2022-06-17,-0.18779
2022-06-24,-0.17192
2022-07-01,-0.16563
2022-07-08,-0.16892
2022-07-15,-0.18229
2022-07-22,-0.20135
2022-07-29,-0.21951
2022-08-05,-0.23272
2022-08-12,-0.24023
2022-08-19,-0.23794
2022-08-26,-0.22546
2022-09-02,-0.20460
2022-09-09,-0.17880
2022-09-16,-0.15105
2022-09-23,-0.12580
2022-09-30,-0.10692
2022-10-07,-0.09976
2022-10-14,-0.10163
2022-10-21,-0.11213
2022-10-28,-0.12732
2022-11-04,-0.14522
2022-11-11,-0.16229
2022-11-18,-0.17519
2022-11-25,-0.18308
2022-12-02,-0.18786
2022-12-09,-0.19098
2022-12-16,-0.19749
2022-12-23,-0.20759
2022-12-30,-0.22494
2023-01-06,-0.24768
2023-01-13,-0.27217
2023-01-20,-0.29308
2023-01-27,-0.30984
2023-02-03,-0.31715
2023-02-10,-0.31328
2023-02-17,-0.29873
2023-02-24,-0.27330
2023-03-03,-0.24235
2023-03-10,-0.20983
2023-03-17,-0.17826
2023-03-24,-0.15961
2023-03-31,-0.15591
2023-04-07,-0.15928
2023-04-14,-0.17063
2023-04-21,-0.18421
2023-04-28,-0.19497
2023-05-05,-0.20330
2023-05-12,-0.20992
2023-05-19,-0.21397
2023-05-26,-0.21595
2023-06-02,-0.21774
2023-06-09,-0.21880
2023-06-16,-0.22085
2023-06-23,-0.22493
2023-06-30,-0.23103
2023-07-07,-0.23978
2023-07-14,-0.25267
2023-07-21,-0.26760
2023-07-28,-0.28354
2023-08-04,-0.30097
2023-08-11,-0.31683
2023-08-18,-0.32931
2023-08-25,-0.33808
2023-09-01,-0.34363
2023-09-08,-0.34334
2023-09-15,-0.33855
2023-09-22,-0.32949
2023-09-29,-0.31713
2023-10-06,-0.30583
2023-10-13,-0.29617
2023-10-20,-0.29014
2023-10-27,-0.28915
2023-11-03,-0.29387
2023-11-10,-0.30240
2023-11-17,-0.31293
2023-11-24,-0.32412
2023-12-01,-0.33453
2023-12-08,-0.34336
2023-12-15,-0.35234
2023-12-22,-0.36150
2023-12-29,-0.36995
2024-01-05,-0.37857
2024-01-12,-0.38672
2024-01-19,-0.39394
2024-01-26,-0.40022
2024-02-02,-0.40717
2024-02-09,-0.41402
2024-02-16,-0.42191
2024-02-23,-0.43001
2024-03-01,-0.43630
2024-03-08,-0.43986
2024-03-15,-0.44120
2024-03-22,-0.43921
2024-03-29,-0.43455
2024-04-05,-0.42899
2024-04-12,-0.42303
2024-04-19,-0.41785
2024-04-26,-0.41574
2024-05-03,-0.41568
2024-05-10,-0.41651
2024-05-17,-0.41698
2024-05-24,-0.41645
2024-05-31,-0.41303
2024-06-07,-0.40741
2024-06-14,-0.40029
2024-06-21,-0.39264
2024-06-28,-0.38609
2024-07-05,-0.38090
2024-07-12,-0.37550
2024-07-19,-0.37058
2024-07-26,-0.36682
2024-08-02,-0.36477
2024-08-09,-0.36576
2024-08-16,-0.37395
2024-08-23,-0.38418
2024-08-30,-0.39564
2024-09-06,-0.40683
2024-09-13,-0.41665
2024-09-20,-0.42456
2024-09-27,-0.43068
2024-10-04,-0.43470
2024-10-11,-0.43771
2024-10-18,-0.44203
2024-10-25,-0.44650
2024-11-01,-0.45255
2024-11-08,-0.46063
2024-11-15,-0.46825
2024-11-22,-0.47349
2024-11-29,-0.47714
2024-12-06,-0.47973
2024-12-13,-0.48157
2024-12-20,-0.48300
2024-12-27,-0.48737
2025-01-03,-0.49244
2025-01-10,-0.49878
2025-01-17,-0.50412
2025-01-24,-0.50906
2025-01-31,-0.51181
2025-02-07,-0.51050
2025-02-14,-0.50571
2025-02-21,-0.49600
2025-02-28,-0.48241
2025-03-07,-0.46562
2025-03-14,-0.44723
2025-03-21,-0.42933
2025-03-28,-0.41254
2025-04-04,-0.39750
2025-04-11,-0.38662
2025-04-18,-0.38706
2025-04-25,-0.39357
2025-05-02,-0.40690
2025-05-09,-0.42415
2025-05-16,-0.44159
2025-05-23,-0.45616
2025-05-30,-0.46795
2025-06-06,-0.47704
2025-06-13,-0.48449
2025-06-20,-0.49095
2025-06-27,-0.49778
2025-07-04,-0.50494
2025-07-11,-0.51167
2025-07-18,-0.51693
2025-07-25,-0.52130
2025-08-01,-0.52422
2025-08-08,-0.52602
2025-08-15,-0.52858
2025-08-22,-0.52970
2025-08-29,-0.53063
2025-09-05,-0.53082
2025-09-12,-0.53124
2025-09-19,-0.53041
2025-09-26,-0.53002
2025-10-03,-0.52945
2025-10-10,-0.52798
2025-10-17,-0.52490
2025-10-24,-0.52209
2025-10-31,-0.51883
2025-11-07,-0.51584
2025-11-14,-0.51428
2025-11-21,-0.51403
2025-11-28,-0.51626
2025-12-05,-0.52028
2025-12-12,-0.52641
2025-12-19,-0.53625
2025-12-26,-0.54959
2026-01-02,-0.56358
2026-01-09,-0.57862
2026-01-16,-0.59075
2026-01-23,-0.60032
