Unnamed: 0,Country Code,Country Name,Year,Access to electricity (% of population),Adjusted savings: gross savings (% of GNI),Agriculture,Capital depreciation rate,Clientelism index,"Death rates, crude per 1000 people",Domestic credit to private sector (% of GDP),Economic Complexity Index,"GDP per capita (constant prices, PPP)",Government revenue,"Gross fixed capital formation, all, Constant prices, Percent of GDP",Human capital index,Industry,"Inflation, consumer prices (annual %)",Landlocked,Lending interest rate (%),"Life expectancy at birth, total (years)",Manufacturing,Mineral rents (% of GDP),Mobile cellular subscriptions (per 100 people),Natural gas rents (% of GDP),Oil rents (% of GDP),Political corruption index,Political stability â€” estimate,"Primary net lending, General government, Percent of GDP",Property rights,Real interest rate (%),Rule of law index,Services,Share of consumption in GDP,Share of government spending in GDP,Share of investment in GDP,Total natural resources rents (% of GDP),Trade (% of GDP),Urban population (% of total population),"Use of IMF credit (DOD, current US$)",Total_Production,Total_Reserves,Total_Production_Value,Total_Reserves_Value,Hydrocarbons_Dominant,Subsoil_Metals_Dominant,Precious_Metals_Dominant,Population,Total_Production_Value_Per_Capita,Total_Production_Per_Capita,Total_Reserves_Value_Per_Capita,GDP_total,Total_Production_Value_GDP_Norm,Total_Production_GDP_Norm,Resource_Category,Economic Complexity Index_lag1,Total_Production_Value_lag1,Total_Production_lag1,Oil rents (% of GDP)_lag1,Natural gas rents (% of GDP)_lag1,Mineral rents (% of GDP)_lag1,Total natural resources rents (% of GDP)_lag1,"GDP per capita (constant prices, PPP)_lag1",Cluster_Value,Cluster_Quantity
24,AGO,Angola,2019,45.6,35.28579693,12.39115857,0.045704171,0.686,7.701,13.4718249,-1.204,6596.756000000001,21.179,17.659968420123565,1.481984377,42.22510451,17.08095414,0,19.29536721,63.051,5.442240339,0.0,45.8065,0.814083851,27.50482864,0.602,-0.37,5.674452636,0.387,-0.475965539,0.325,43.8627207,0.475599736,0.169428974,0.180379093,28.897859059999995,60.71482433,21582821.0,1861295680.0,518437419.6,2840795.0,14632198138.751793,80174009.56260835,1,0,0,32375632.0,451.9509654283133,16.013198432697777,2.476368942005776,213574144649.79205,0.06851109324466649,0.0024274353080055975,Hydrocarbons,-1.505,17793065833.124817,554517503.4,30.73040272999999,0.745542432,0.0,32.0454056,6872.841,1,3
49,ALB,Albania,2019,100.0,14.58753025,18.16039737,0.028646111,0.706,7.473,33.72559551,-0.558,13862.629999999996,27.209,19.4358083,2.989798784,22.96552109,1.4110907899999994,0,6.275833333,79.467,6.967485863,0.036388555,91.1635,0.0273614,1.4243710960000002,0.689,0.1099999999999999,0.13147389,0.847,5.222938044,0.564,45.45341143,0.713314295,0.204313785,0.216408357,1.6349737849999988,75.38212893,1457584.0,447707759.2,34551.0,0.0,15075344.67837911,0.0,0,1,0,2567801.0,5.870916273643911,0.013455481947393898,0.0,35596475176.62999,0.00042350667035359905,9.706298117596663e-07,Industrial Minerals,-0.53,16125438.14,100601.0,1.4698338190000002,0.0224586159999999,0.040868827,1.711116281000001,13570.554,0,0
74,ARE,United Arab Emirates,2019,100.0,33.62836458099331,0.7346287700000005,0.03722471,0.448,0.9580000000000002,75.28849883,0.3329999999999999,69576.041,31.039,25.70285987,3.238971949,43.46696837,-1.931081148,0,6.139034049491222,82.596,8.84290478,0.0,209.033,1.214183775,15.68159155,0.1159999999999999,0.667,2.779517798,0.373,2.0976576080758624,0.708,55.79840286,0.359403789,0.106675886,0.312234104,16.895899,163.8221529,8031735.0,0.0,3323887013.0,5769638379.0,48088621098.951935,11481878743.998356,1,0,0,9445785.0,5091.013727175871,351.8910300202683,1215.5558001794827,657200324437.1849,0.07317193755212188,0.005057646640461597,Hydrocarbons,0.3429999999999999,54956569614.21297,3037795372.0,17.0989945,1.087598226,0.0,18.18668249,69819.141,4,4
99,ARG,Argentina,2019,100.0,14.25056027,5.318555997,0.03882077,0.436,7.676,14.47762924,-0.203,22071.752,33.684,9.67256989,3.09680438,23.15784774,53.54830435,0,67.25416667,76.847,13.54083907,0.1872970659999999,125.303,0.52355934,1.2909956549999997,0.409,-0.098,-0.406549349,0.913,12.10396965,0.651,55.43881711,0.644113064,0.227895752,0.111911573,2.1666883870000007,32.63061505,41311179.0,46924457621.0,1709712190.0,373178494.7,12626833125.532137,705619778.8969607,1,0,0,44973465.0,280.7618475812824,38.016021002606756,15.689691218965688,992643166060.68,0.012720415107114394,0.0017223834792365715,Hydrocarbons,-0.232,13995986489.734344,1586811559.0,1.3109534069999995,0.401322115,0.1825671639999999,2.037125135000001,22747.258,0,0
124,ARM,Armenia,2019,100.0,9.828463023,11.52561074,0.03263529,0.2159999999999999,8.8,60.15523792,-0.124,13637.865,23.925,8.610367588,3.145183325,24.97160846,1.4434466080000004,1,12.14198895,76.22195122,11.71149186,1.94779106,124.614,0.0,0.0,0.294,-0.42,1.430538825,0.939,10.95957856,0.779,53.9731853,0.734821558,0.19966054,0.122703671,2.201001669,97.84700487,1925764.0,374965602.2,104636.15,0.0,568672300.0,0.0,0,1,0,2962500.0,191.95689451476792,0.0353202194092827,0.0,40402175062.5,0.014075289241737466,2.5898642792902482e-06,Industrial Minerals,-0.313,474096420.0,82682.908,0.0,0.0,0.826353695,1.0986611360000014,12644.049,0,0
149,AUS,Australia,2019,100.0,23.15899456,2.124249112,0.032651324,0.073,6.7,135.6667144,-0.377,50474.874,34.457,23.20977492,3.549666166,25.25551291,1.6107678730000003,0,5.101000000000001,82.9,5.451709172999999,3.3174818099999994,109.753,1.338692137,0.2291994480000001,0.032,0.917,-3.586707226,0.887,1.5698232069999998,0.99,66.04756072,0.491202623,0.193046436,0.224974319,5.748861265,46.00168271,22117801.0,0.0,5864133839.248037,2308068134.0,57808928600.52729,4239271609.4211216,1,0,0,25334826.0,2281.796946248113,231.4653291578966,167.32980954442402,1278772150161.924,0.04520659023830575,0.004585753481185443,Hydrocarbons,-0.345,69252500624.0,5150096203.633949,0.2647446719999999,1.126812914,2.861055972,5.227520639,50312.983,4,4
174,AUT,Austria,2019,100.0,27.91980963,1.044634137000001,0.043054093,0.097,9.4,86.30279436,1.737,56239.228,49.242,24.55721314023093,3.381046295,25.5363771,1.530895641999999,1,3.651744040944594,81.89512195,17.10228587,0.0,120.776,0.0126697669999999,0.036825509,0.076,0.8920000000000001,1.711469199,0.863,2.0514785742497272,0.955,62.56140778,0.492908478,0.179344118,0.32089144,0.1100229129999998,108.2072849,6066549.0,0.0,538370.3703703703,0.0,251903426.30814812,0.0,0,1,0,8879920.0,28.367758528021437,0.06062784015738547,0.0,499399845501.76,0.0005044123032418126,1.078034715508283e-06,Industrial Minerals,1.738,336497742.90000004,816333.3333333334,0.042658846,0.019891769,0.0,0.1407550729999993,55274.189,2,1
199,AZE,Azerbaijan,2019,100.0,29.71831879,5.69538025,0.061025657,0.873,5.6,23.00186901,-0.827,14541.29,41.475,12.42379993,3.351673290070797,48.82326653,2.610571827999999,1,17.28121517,73.29,5.003528857000001,0.17409348,106.328,2.783335214,20.4577105,0.9240000000000002,-0.693,9.647879535,0.64,17.54174974,0.039,36.97253352,0.607865095,0.176496595,0.136828944,23.43490541,85.81814541,5827198.0,212368821.70000005,1110521708.0,2419874944.0,9546443752.0,4487924998.221698,1,0,0,10024283.0,952.3318278224987,110.78315606213432,447.70533695244814,145766006145.07,0.06549156421627644,0.007618523257711958,Hydrocarbons,-1.236,11389312839.792109,938285509.019,24.17241001,3.27586234,0.1527761949999999,27.62093201,14265.254,1,3
224,BFA,Burkina Faso,2019,17.6,17.80406272,18.22052455,0.057725776,0.612,8.564,28.34785789,-0.884,2104.873,20.038,18.94730298,1.286242485,27.42591338,-3.23338934,1,6.688333333000001,60.184,10.41059839,3.438234607,97.1499,0.0,0.0,0.453,-1.302,-2.145029181,0.758,6.143920617,0.693,45.31625215,0.694175065,0.18333602,0.152969122,8.327973185,60.40869288,5474995.0,309646453.0,95670.2,0.0,1642729450.0,0.0,0,0,1,20961952.0,78.36719834107052,0.004563992895318146,0.0,44122246792.096,0.037231319106221857,2.1682984651891805e-06,Precious Metals,-1.014,1604728240.0,99222.898,0.0,0.0,3.652481458,8.876195944,2050.084999999999,0,0
249,BGD,Bangladesh,2019,92.2,34.92299947,11.97532314,0.041132402,0.6,5.372,39.03447094,-1.18,5815.383,8.144000000000002,24.9882671,2.101790428,32.8525492,5.591996399,0,9.555833333,72.625,21.20794388,0.0,100.4,0.516998313,0.0401609169999996,0.901,-0.929,-3.713819491,0.797,5.689563715,0.1029999999999999,50.84928874,0.704561174,0.064173646,0.275835454,0.6377175640000008,31.57805449,50830886.0,1413763540.0,879657759.2,106426327.3,1634541660.9113228,194413307.08607352,1,0,0,164913055.0,9.911535875139315,5.334069878215524,1.1788836674335668,959032576525.065,0.0017043651080486555,0.0009172344931048436,Hydrocarbons,-1.055,2923381268.9444914,924868966.0,0.0613027610000003,0.50178363,0.0,0.6492388229999992,5565.68,0,0
274,BGR,Bulgaria,2019,99.2,24.99475242,3.2020559750000004,0.055807002,0.5,16.3,49.83248484,0.535,23409.596,34.911,18.93059982489869,3.186015129,21.56245677,3.103729448000001,0,4.549208333000001,75.11219512,17.727418158436137,0.2488554629999999,116.617,0.003437861,0.0184983409999999,0.552,0.5610000000000002,-0.816619265,0.904,-0.696635748,0.636,61.4966557,0.579399049,0.251493007,0.195041776,0.5802695549999992,125.2604183,4877601.0,844734960.7,28446582.927000005,0.0,1570542887.387467,0.0,1,0,0,6616726.0,237.35951698581246,4.299193124666187,0.0,154894882502.696,0.010139411076799977,0.00018365088934752172,Hydrocarbons,0.574,2090955175.0339763,30692704.481,0.0215683049999997,0.004530209,0.27043299,0.6783727069999994,22345.527,2,1
299,BHR,Bahrain,2019,100.0,30.49936723,0.2686743820000004,0.034354456,0.551,2.104,70.5500803,0.492,50118.484,23.717,29.50219681,2.756066084,40.61776696,1.0058200470000005,0,5.160833333000001,80.471,17.04070226,0.0,129.143,3.515076428,9.848188676,0.552,-0.627,-4.165799999,0.763,15.25317769,0.1949999999999999,56.39952656,0.352295876,0.187141761,0.312578678,13.36378399,135.4175434,1483756.0,0.0,566747461.0,74647512.95,2943814161.799019,136361652.48333248,0,1,0,1483756.0,1984.0284802885508,381.96810055022524,91.90301672467204,74363601345.90399,0.03958676164842797,0.007621301964166061,Industrial Minerals,0.54,3243166255.18096,510136457.0,11.39008112,3.360885057,0.0,14.75135642,48424.429,4,4
324,BIH,Bosnia and Herzegovina,2019,100.0,19.10592565,5.450041561,0.057976469,0.816,13.102,57.16910265,0.547,14389.734,41.282,19.03037910323096,3.327295667731048,23.20379233,0.5627821540000006,0,3.2872271580000003,77.394,12.48001384,0.033403299,112.255,0.0,0.0,0.751,-0.425,2.119279236,0.876,0.7946068520000003,0.398,54.57076237,0.670898974,0.24799253,0.255125761,0.8007569280000002,94.51612515,1654869.0,397854131.2,14496442.0,0.0,614163183.5820234,0.0,1,0,0,3345533.0,183.57708131470332,4.333073982531333,0.0,48141329958.222,0.012757503461474919,0.0003011225907672326,Hydrocarbons,0.4429999999999999,996888597.1724612,15288469.0,0.0,0.0,0.1564075369999999,1.0525918030000003,13966.112,0,0
349,BOL,Bolivia,2019,95.1,14.49112528,7.632882645,0.069629058,0.341,7.555,54.88626549,-0.964,8757.259,28.845,15.66943744,2.966043711,30.46272716,1.83954505,1,8.399531710000002,67.82,11.23860282,0.562741002,100.149,2.065710073,1.030319168,0.67,-0.728,-5.875260419,0.656,8.59146406,0.345,53.34519362,0.739974976,0.136693656,0.193723902,4.095293587,45.82097327,8138866.0,226964545.7,525321127.2,205527407.8,3812795578.0,375445287.46719295,0,0,0,11671386.0,326.67890325964714,45.00931827633839,32.168012219559266,102209350090.974,0.03730378458141379,0.005139658228258224,Mixed/Low,-1.16,4580156491.0,603072158.3230001,1.4498952899999995,2.253391178,1.166435134,5.371667258,8688.547,0,0
374,BRA,Brazil,2019,99.8,12.58877826,4.205014095,0.048519123,0.363,6.452,62.79050508,-0.002,15546.657,41.776,16.9127955,3.091373205,18.75462757,3.732976212000001,0,37.475,75.809,10.33250053,0.799151749,97.3747,0.072366878,1.6761311580000005,0.547,-0.714,-0.082775289,0.812,31.90307276,0.638,63.06784925,0.648429155,0.179945126,0.176896349,3.217173033,28.89025787,179821975.0,3992325318.0,1992031501.0739465,366978848.5,38002368119.95573,792872880.8653997,1,0,0,207455459.0,183.18326402756037,9.602212979480798,3.8218945150312953,3225238863850.563,0.011782807328132368,0.0006176384401791843,Hydrocarbons,0.054,41808646596.76495,1895444412.9033463,1.901115317,0.065168104,0.839935533,3.617591202,15434.776,0,0
399,BRN,Brunei Darussalam,2019,100.0,52.15525412,0.9860551300000004,0.04539584,0.472688894,4.779,35.70555075,-0.273355295,59660.20300000001,28.746,33.33307799,2.81316185,62.51532110000001,-0.390522069,0,5.5,75.049,2.327822625,0.0,129.845,11.78392981,9.000494713,0.2010108278355934,0.2496432537471014,-3.688965868,0.7008569731697109,9.138376216,0.7922525205037235,38.17759858,0.183035314,0.29642126,0.315409333,20.84931772,108.5096584,331091.0,0.0,495443911.91,215035982.8,2073643338.4151275,403412839.81132025,1,0,0,442680.0,4684.294159246245,1119.1919940137345,911.2967376238372,26410378664.040005,0.07851622897170235,0.018759439923691414,Hydrocarbons,-0.150663282,2665565098.415483,477450007.1400001,11.04647686,11.39838732,0.0,22.507666740000005,59332.44500000001,4,4
424,BWA,Botswana,2019,70.1,27.26966317,2.0834294940000007,0.041326784,0.169,6.408,35.9371549,-0.685,15117.995,28.328,27.53840674,2.938816071,31.94710542,2.772864429,1,6.395833333000001,67.167,6.092369911999999,0.053910099,160.662,0.0,0.0,0.131,1.095,-7.789113604,0.826,5.858069996,0.883,61.22292824,0.423178911,0.379393756,0.281921089,0.6560538059999992,83.09298136,1546805.0,79418438.89999998,2110891.942,0.0,103199839.20510831,0.0,1,0,0,2332083.0,44.25221538217478,0.9051530078474908,0.0,35256419133.585,0.0029271219749824485,5.98725563705697e-05,Hydrocarbons,-0.784,162015180.10630292,2483776.105,0.0,0.0,0.062240813,0.8696947539999993,14962.081,0,0
449,CAN,Canada,2019,100.0,20.2758689,1.6970793529999997,0.034166235,0.063,7.6,124.0977717,0.637,49538.627,40.572,22.09049862,3.721065998,24.07740788,1.9492690239999997,0,2.700000000000001,82.16365854,9.299638696,0.1889387759999999,90.9589,0.0,1.6199500960000002,0.023,0.995,0.103606429,0.862,0.1257522460000002,0.978,67.67116348,0.562116802,0.193610772,0.24449642,1.93317583,66.17148528,30747991.0,0.0,7913456407.0,1987037404.0,81837455087.76126,5259220896.200878,1,0,0,37618495.0,2175.457978522566,210.36079213163632,139.80412816091868,1863568592106.365,0.04391437773442058,0.004246399322525356,Hydrocarbons,0.62,98066268614.86726,8117699484.0,1.505628729,0.020538339,0.1252730890000001,1.7982043169999995,49327.915,4,1
474,CHE,Switzerland,2019,100.0,33.09209693,0.6477455269999997,0.053282548,0.062,7.9,170.3855504,2.217,70660.605,33.309,25.41696849,3.702678442,24.72115913,0.3628861800000003,1,2.6329231800000006,83.90487805,17.92353933,0.0,126.921,0.0,0.000444795,0.0219999999999999,1.311,1.393765933,0.932,2.739664579,0.995,71.86188459,0.451133043,0.077454314,0.324173361,0.009183252,124.1276122,6927050.0,0.0,12000.0,0.0,25920000.0,0.0,0,1,0,8575280.0,3.022641826272728,0.0013993712158670037,0.0,605934472844.4,4.2776902720727174e-05,1.9804121629966284e-08,Industrial Minerals,2.246,25920000.0,12000.0,0.000217357,0.0,0.0,0.0130088669999999,70354.945,2,1
499,CHL,Chile,2019,100.0,20.57007391,3.987812171,0.042366758,0.091,6.46,124.8758096,-0.413,23880.123,23.767,23.48088949,3.145768881,27.11844224,2.5575447570000005,0,4.17801925,80.324,8.969095484,1.753235661,130.493,0.031338462,0.0113846119999996,0.056,-0.016,-2.380062205,0.913,2.5473121620000003,0.941,58.88317546,0.585412562,0.191794813,0.249209717,2.568892661,57.61175457,16918467.0,0.0,7422770.063240832,0.0,24447750656.228176,0.0,0,1,0,19197744.0,1273.4699794011306,0.3866480386049961,0.0,458444488042.51196,0.05332761390722864,1.6191208001943545e-05,Industrial Minerals,-0.358,26508349317.74353,8140580.806620605,0.01220964,0.022813105,4.991578943,5.837077262,24179.863,0,0
524,CHN,China,2019,100.0,43.89601514,7.006215758,0.051504765,0.228,7.09,162.2075662,1.177,15893.004,28.051,47.66289631,2.698987007,37.76423332,2.899234164000001,0,4.35,77.94,26.25946629,0.2723133049999999,122.67,0.160723457,0.2984577550000002,0.462,-0.26,-5.166199737,0.419,2.9950928519999995,0.265,55.22955993,0.410577774,0.140630409,0.431917399,1.2669136759999995,35.19942027,882795695.0,9665491726.0,11522316914.172815,8118420901.0,280544605764.50525,15080385995.31923,1,0,0,1407745000.0,199.28652260494994,8.184946076294226,10.712441525503007,22373296915980.0,0.012539260834827069,0.0005150030841428232,Hydrocarbons,1.139,355075021615.17505,10840549803.807331,0.4130386680000004,0.1532953719999999,0.178921788,1.4251842139999988,15050.183,3,1
549,CIV,Cote d'Ivoire,2019,68.6,18.03595151,15.68820636,0.055318009,0.472,8.492,19.0476722,-1.1,4840.268,14.978,17.304697863999998,1.695541859,21.64204005,0.7908555120000003,0,5.139999999999999,60.274,12.31996843,0.574500242,132.574,0.218403089,0.8574650039999998,0.558,-1.036,-0.746981428,0.672,6.246748203,0.5,54.99747689,0.701345205,0.120159552,0.188823059,2.958271582,44.66041058,14477527.0,1914817944.0,32.782000000000004,0.0,928969904.0,0.0,0,0,1,28193009.0,32.95036382955789,1.1627705293890412e-06,0.0,136461719286.412,0.006807549464111881,2.4022854300403225e-10,Precious Metals,-0.802,648976936.0,24.625,0.930497053,0.253454611,0.455348393,3.1099690950000003,4665.103999999999,0,0
574,CMR,Cameroon,2019,63.2,14.71162551,16.80228356,0.048637506,0.853,8.163,14.091092879999998,-1.346,3743.316999999999,15.421,16.67715824,1.895813227,23.82687805,2.4528021409999994,0,23.26760542747765,61.695,12.82578021,0.0,83.9044,0.490710482,2.422693976,0.9489999999999998,-1.562,-2.247324311,0.812,20.54654643026937,0.076,51.02687348,0.731020987,0.148610741,0.135897741,5.555844243,43.37851325,13760230.0,760370154.8,68900.45,0.0,109330000.0,0.0,0,1,0,25506095.0,4.286426440425318,0.0027013327598756297,0.0,95477399017.11497,0.0011450877498286464,7.216414639411063e-07,Industrial Minerals,-1.311,153379000.0,85800.478,2.784301337,0.356813521,0.0,6.104639863,3714.217000000001,0,0
599,COD,"Congo, Dem. Rep.",2019,19.1,15.32039886,13.1512157,0.030276708,0.7710000000000001,9.46,6.635405230000004,-1.095,1116.6709999999985,10.96,13.119247,1.803433776,34.47125109,2.8858510729999995,0,26.73583333,60.242,11.50121067,3.635276035,39.94,6.041727968653099e-05,0.6293093829999998,0.94,-1.624,-2.964667311,0.2059999999999999,24.98977279,0.1119999999999999,49.41304794,0.725551128,0.104044087,0.204567805,12.75005858,60.91435237,39850945.0,1129700743.0,1394344.1,0.0,8339394042.439582,0.0,0,1,0,92947442.0,89.72160893292343,0.015001425214047312,0.0,103791713005.58186,0.08034739769629867,1.3434059999809551e-05,Industrial Minerals,-1.76,10928918604.7464,1325978.5,0.7834951139999999,6.122989060586281e-05,8.092888301,18.41677579,1103.780999999999,0,0
624,COG,"Congo, Rep.",2019,47.7,38.97947079,7.346991708,0.038469855,0.893,7.344,12.63997628,-1.084,4093.990999999998,24.457,18.85551927,2.164809227,50.12867157,2.2060730579999994,0,18.06509820301029,63.152,9.569292341,0.0,91.0654,0.37446563,35.85179911,0.828,-0.299,7.221565962,0.582,5.895212605010046,0.148,39.03564827,0.390953511,0.200318813,0.179894954,39.24303916000001,91.57575479,3567570.0,157171955.80000007,122716705.2,1051930.0,3475912599.629993,29687973.218480952,1,0,0,5616661.0,618.8574670306776,21.848693592153772,5.285697893905463,22994559584.05099,0.15116239069179144,0.005336771280677896,Hydrocarbons,-1.184,3875378971.350049,120620590.2,38.24871589,0.562029196,0.0,42.66820465,4144.9490000000005,1,3
649,COL,Colombia,2019,99.4,16.53919885,6.410720822,0.037836161,0.666,5.38,46.04157811,1.3877787807814457e-17,14999.853,29.397,22.73029741,2.598787069,25.99342684,3.523019327,0,11.76906538,76.793,10.92665754,0.198761584,132.811,0.1957194239999999,3.142710082,0.388,-0.979,-1.18380097,0.789,7.467547259,0.745,58.13645917,0.646815062,0.220374227,0.175450906,4.304330929,37.55853398,38658502.0,1020971933.0,850445487.3,83950193.0,14245544817.973549,172238680.80126634,1,0,0,49907985.0,285.43618456993505,17.040268952954122,3.4511247208491054,748612438526.205,0.019029265458130492,0.0011360290632817615,Hydrocarbons,0.119,16955492392.721457,834008670.8560001,3.640066604,0.174481376,0.146434355,4.940258189,14879.14,0,0
674,CRI,Costa Rica,2019,99.7,14.78882627,4.202051163,0.049768247,0.131,5.124,56.17810651,0.169,20271.551,15.002,13.65476505,2.694771767,19.23365693,2.096046353,0,8.74614961,80.296,12.04644495,0.0,146.212,0.0,0.006986348,0.19,0.43,-2.628248739,0.927,6.024715568,0.941,69.20499402,0.614355385,0.213730469,0.164995953,0.7596898410000001,65.76053002,3851835.0,0.0,4.5,0.0,128700000.0,0.0,0,0,1,4999553.0,25.742301361741738,9.000804671937671e-07,0.0,101348693616.703,0.0012698732998645116,4.440116433092698e-11,Precious Metals,0.159,98023500.0,3.699,0.009007225,0.0,0.0,0.9455372959999996,20002.166,0,0
699,CYP,Cyprus,2019,100.0,15.11104191,1.7482054290000004,0.035067961,0.185,6.6,106.6841407,0.49,42048.93,39.382,-3.55e-15,2.904392004,12.78901189,0.2503709969999974,0,6.373128900962561,81.454,5.406328332999999,0.002802694,139.994,0.0,0.0,0.154,0.5450000000000002,3.103700253,0.79,4.003020242637074,0.885,73.28571427,0.724774003,0.157084078,0.298399687,0.003613252,150.5061696,859081.0,0.0,703.13,0.0,3738212.0,0.0,0,1,0,1286671.0,2.905336329178166,0.0005464722528136563,0.0,54103138812.03,6.909417978479277e-05,1.2996103653854126e-08,Industrial Minerals,0.4179999999999999,5190780.0,908.227,0.0,0.0,0.003734168,0.004692312,40380.519,2,1
724,CZE,Czechia,2019,100.0,28.68714092,1.8915177090000004,0.049838319,0.12,10.5,49.44010471,1.794,41061.763,41.342,26.55017053,3.764699221,30.81729276,2.847875959,1,3.686032183,79.22926829,22.12667662,0.0,124.126,0.004998375,0.008322047,0.2279999999999999,0.942,0.769196937,0.907,-0.149541357,0.843,57.80534429,0.480089992,0.238235831,0.290408999,0.3997903189999992,138.15461,7767803.0,0.0,40820879.0,0.0,1474706502.4657278,0.0,1,0,0,10671870.0,138.1863255892105,3.8250914788129915,0.0,438205796706.81,0.0033653286048436473,9.315458468777855e-05,Hydrocarbons,1.794,2217945383.7932134,43531296.5,0.012558405,0.00759913,0.0,0.3894186210000008,40019.407,2,1
749,DEU,Germany,2019,100.0,28.73633859,0.8331260179999997,0.036637984,0.052,11.3,77.96569681,2.072,54190.13900000001,46.529,21.36266113,3.675377846,25.54157432,1.4456597690000006,0,4.015183975484174,81.29268293,19.30946942,0.030365573,128.292,0.008229548,0.0127922920000003,0.013,0.548,1.918083952,0.968,2.6873645811392124,0.991,63.00677357,0.533755124,0.179177687,0.229864851,0.092626032,79.07324272,67559064.0,0.0,317098212.2,21052962.87,5794130112.560687,38458304.81380347,1,0,0,83092962.0,69.73069647656425,3.8161861674879276,0.46283468404704925,4502819160701.719,0.0012867783283701162,7.04221512974515e-05,Hydrocarbons,2.107,10070947300.714865,361995794.1,0.0150774780000002,0.0124974989999999,0.0,0.084765461,53737.43400000001,2,1
774,DNK,Denmark,2019,100.0,29.48932904,1.2412274120000006,0.043767042,0.037,9.3,161.8986789,1.059,57060.33900000001,53.79899999999999,21.76986427896508,3.59926486,20.64022005,0.758131573,0,3.678033333000002,81.45121951,13.40242787,0.0,124.57299999999998,0.058369979,0.3724476750000001,0.002,0.967,3.954355656,0.934,1.898882811000001,0.998,65.15634999,0.457191825,0.21593307,0.290841132,0.446224763,111.8914751,5128881.0,0.0,148895537.45999998,28774913.92,1263917632.574908,56685013.22546674,1,0,0,5814422.0,217.3763157498558,25.607968850558144,9.749036658410198,331772890409.05804,0.003809586826146542,0.00044878753437756723,Hydrocarbons,1.024,1821647396.8032572,191505457.7,0.4590988420000004,0.109349577,0.0,0.5878626120000003,56463.278000000006,2,1
799,DOM,Dominican Republic,2019,99.0,25.47707226,4.325119569999999,0.033275496,0.876,6.132,28.0978072,-0.27,19089.518,14.396,23.13665734,2.767153978,27.35643695,1.81060377,0,12.48676667,73.112,12.11940589,1.021820937,82.1376,0.0,0.0,0.808,-0.003,-0.718199708,0.848,8.5827282,0.28,60.96528502,0.646322668,0.139415577,0.244874865,1.0554444419999998,50.9129822,8011517.0,288769935.2,19265.486,0.0,978532420.6,0.0,0,0,1,10894043.0,89.82270591368145,0.0017684422578467885,0.0,207962029941.274,0.004705341743761234,9.263944002393295e-08,Precious Metals,-0.138,937932682.0,19349.132,0.0,0.0,0.832348887,0.8688894640000004,18334.612,0,0
824,DZA,Algeria,2019,99.5,38.55973505,11.47917989,0.04538279,0.773,4.681,22.91286954,-1.025,12786.558,28.591,25.529331697000003,2.383965492,33.57432118,1.9517682109999992,0,8.0,75.682,6.403969943999999,0.002901287,104.922,4.236427923,14.14210315,0.657,-1.056,-8.015126452,0.748,7.054714548,0.2249999999999999,50.4800694,0.44772777,0.284289628,0.29853484,18.52367894,46.50684261,31380950.0,1656880871.0,3564956458.1200004,4190066793.0,20838695580.88301,7771705485.0,1,0,0,43294546.0,481.3238041780831,82.34192958438692,179.50772563823628,553588223512.6681,0.037642953183967334,0.006439725967253025,Hydrocarbons,-1.578,27854233692.85247,3813217732.386,15.94280818,4.643787047,0.0265132649999999,20.71720284,12920.12,1,3
849,ECU,Ecuador,2019,99.1,26.29565818,7.786764599,0.03925249,0.549,4.753,42.69158202,-1.184,11448.816,36.303,24.43008135,2.76246953,26.65046313,0.2660125150000016,0,13.489197928247137,77.286,12.67848577,0.0,91.4249,0.017455193,5.52629824,0.629,-0.238,-1.924325245,0.816,10.358755763073416,0.518,59.43711201,0.61818105,0.160325944,0.220845774,5.820701049,48.08284949,10935088.0,2114249050.0,193822392.4,475429.6915,5675633668.043534,13417759.687928531,1,0,0,17340021.0,327.3141173268207,11.177748423718748,0.773802966439806,198522709865.13602,0.02858934210549114,0.0009763235275786376,Hydrocarbons,-1.015,6299094442.648858,188797979.70400003,6.759100099,0.018321329,0.0,7.096420785,11594.126,0,0
874,EGY,"Egypt, Arab Rep.",2019,100.0,15.75560346,10.69713545,0.052190017,0.535,5.477,22.8487309,-0.144,12682.907,19.302,8.599085165,2.676786423,35.82542441,9.152799593,0,16.11666667,71.213,15.98829896,0.0,88.6448,1.672764683,3.881961863,0.737,-1.125,1.287894925,0.68,2.1990957830000006,0.347,50.76175197,0.762918711,0.109330192,0.106970258,5.724961312,41.12401716,45689875.0,13129959331.0,2495921863.0,2065146566.0,11639740711.533531,3802797204.732255,1,0,0,107553158.0,108.22314219293804,23.206402391271485,35.357373743802626,1364086700470.306,0.008532991860063158,0.0018297384338836111,Hydrocarbons,-0.151,15144539908.405182,2281910500.694,5.476588229,1.891519062,0.073788826,7.596563559,12140.04,0,0
899,ESP,Spain,2019,100.0,22.8939748,2.519801230000001,0.036630705,0.074,8.8,94.41162629,0.633,40854.649,39.224,19.488474068353547,2.985405207,19.97790558,0.699518994,0,3.154265129185573,83.83170732,10.6967321,0.016414714,116.696,0.000595043,0.000744001,0.037,0.293,-1.001028946,0.955,2.198217046716078,0.982,68.27033365,0.533974886,0.183338001,0.273746371,0.0390101069999992,66.36622504,37522807.0,0.0,1061808.376962963,0.0,1445231649.8538053,0.0,0,1,0,47118501.0,30.67227562807665,0.02253485052427629,0.0,1925009819761.149,0.0007507658584479983,5.515859535172189e-07,Industrial Minerals,0.642,2088796146.0,3726758.437666667,0.001764912,0.000544367,0.0298408420000001,0.063007784,40382.949,2,1
924,ETH,Ethiopia,2019,48.0,29.21001058,33.63332469,0.046366848,0.324,6.481,17.71014835,-1.155,2588.09,12.819,27.94281431,1.455194354,24.82236426,15.80963217,1,8.0,65.741,5.5943681540000005,0.0278940909999999,36.2199,0.0,0.0,0.563,-1.304,-2.030734343,0.644,-17.12177624,0.355,37.15025389,0.725765944,0.101464875,0.219497845,5.503739714,28.81529393,24592655.0,318290495.6,2703.58,0.0,91175940.95585884,0.0,0,0,1,115737383.0,0.7877829841362393,2.3359608882810146e-05,0.0,299538763568.47003,0.0003043877856396953,9.025810108153172e-09,Precious Metals,-0.983,68357500.29,2769.91,0.0,0.0,0.036120394,6.368875747,2425.7819999999974,0,0
949,FIN,Finland,2019,100.0,23.65123809,2.1897718410000007,0.036296554,0.048,9.8,95.91938554,1.441,48624.746,52.393,23.46663278959029,3.50445199,24.14660529,1.0240939299999994,0,3.678033333000002,81.98292683,14.7120972,0.016994199,129.488,0.0,0.039523724,0.01,0.835,-0.794070049,0.931,1.898882811,0.992,60.00930747,0.520994186,0.235017195,0.281629741,0.3652069850000004,80.56415029,4016589.0,0.0,103640.388,0.0,491912846.0,0.0,0,1,0,5521606.0,89.08872635968594,0.018769971635064147,0.0,268486689262.076,0.001832168467464816,3.860168572410465e-07,Industrial Minerals,1.587,608100572.0,132111.581,0.035943006,0.0,0.110866113,0.5633729869999993,48078.357,2,1
974,FRA,France,2019,100.0,23.27034955,1.4082848549999998,0.035990845,0.066,9.1,106.9130306,1.365,47766.863,52.287,23.54973933,3.230137348,16.907003960000004,1.1082549230000005,0,3.6780333329999984,82.82682927,9.910950006,0.0,109.601,3.847261105605071e-05,0.0067826,0.065,0.271,-0.91821132,0.944,1.8988828109999991,0.957,70.11016086,0.522712946,0.214735642,0.287131488,0.0337878190000004,66.42897717,53022323.0,0.0,522760.0,0.0,565287656.0,0.0,0,1,0,67382061.0,8.389290081228,0.007758147973538535,0.0,3218629676444.643,0.00017562991484762144,1.6241694526891028e-07,Industrial Minerals,1.404,626031520.0,518800.0,0.00839113,2.924897497025292e-05,3.049385791842329e-05,0.042905112,47085.268,2,1
999,GAB,Gabon,2019,90.3,41.8535619,5.554430869999999,0.053800225,0.543,6.693,13.376477969999996,-1.243,15604.385,19.594,18.13001643,2.876266956,47.67886409,2.464567562000001,0,12.980944251878215,67.337,18.80256883,0.00566241,131.975,0.241784347,16.68424254,0.839,-0.075,4.401650544,0.776,-7.0112711,0.303,40.47037825,0.328587651,0.182495251,0.190338463,19.1754988,73.42808945,2038740.0,721529349.8,82018315.11,730000.0,4327025263.901777,20602340.88721787,1,0,0,2267706.0,1908.1068109806904,36.167966707324496,9.085102251887093,35386157490.81,0.12228016746451016,0.002317807892289539,Hydrocarbons,-0.65,4536594261.153499,72938155.08,18.32740768,0.249185396,0.005163316,21.16026297,15232.163,1,3
1024,GBR,United Kingdom,2019,100.0,15.44161034,0.5769296490000002,0.039043725,0.084,9.019,131.4430654,1.709,47106.551,36.253,17.982609907008644,3.773596048,17.87363385,1.738104601,0,0.5000000000000018,81.36912195,8.981513661,3.759384903634366e-05,120.25,0.081411949,0.4571258589999996,0.041,0.5270000000000001,-1.028371191,0.858,-1.078797845,0.972,70.97606217,0.618458569,0.188276455,0.251716465,0.5404911289999994,65.00356642,55083809.0,0.0,1776422625.0,181444279.2,14162615773.311708,355537680.67890793,1,0,0,66631000.0,212.55295242922526,26.66060279749666,5.335919927344748,3138756599681.0,0.004512173952816568,0.0005659638040045993,Hydrocarbons,1.711,17389459630.386486,1810875533.0,0.495559268,0.121001219,3.8219802891981125e-05,0.626195353,46597.567,2,1
1049,GEO,Georgia,2019,100.0,20.67618704,7.335486265,0.042062648,0.354,12.081,65.01536536,-0.102,15423.107,26.846,20.33334984,3.1171106348062887,20.0073714,4.852898217,0,10.8164,74.165,8.825634879,0.491837982,141.755,0.000359933,0.030310894,0.1149999999999999,-0.498,-0.596346995,0.882,6.558656698,0.771,60.0997269,0.533372402,0.206922695,0.209842086,0.6036057929999998,117.8100802,2181146.0,447978793.0,27457.816,0.0,164706551.85116863,0.0,0,0,1,3720161.0,44.274038637351616,0.007380813894882506,0.0,57376441160.227,0.002870630323536731,4.785555786445952e-07,Precious Metals,-0.078,194737094.2231896,153640.341,0.034732823,0.000551323,0.3338070319999999,0.4512358800000005,14611.729,0,0
1074,GHA,Ghana,2019,83.5,19.40583816,17.3232302,0.045414276,0.62,7.34,13.937211390000002,-0.994,5585.884999999998,14.971,11.670513347000002,2.526944876,31.10772437,7.143640033,0,5.15041237,64.455,10.16121873,2.051438944,130.705,0.165145729,4.069102006,0.616,0.118,-1.974513726,0.837,5.330264205273653,0.555,45.14114996,0.806553602,0.103793107,0.148674145,9.76736656,76.82480273,17418931.0,1575603915.0,2710389.94,0.0,5486949205.0,0.0,0,0,1,31258945.0,175.53213024303923,0.08670765887972226,0.0,174608871991.32495,0.031424229149550925,1.552263587233219e-05,Precious Metals,-0.996,5370721711.200001,2414322.216,4.146549426,0.113151065,1.7221592500000005,9.790407875,5353.488000000001,0,0
1099,GIN,Guinea,2019,42.2,7.436772591,26.42727681,0.059403982,0.672,9.945,10.29189685,-1.386,2405.22,14.715,9.132765847,2.1663807576460714,29.3907987,9.470010393,0,12.875,59.379,10.40035898,0.0,98.7621,0.0,0.0,0.889,-0.843,0.298223623,0.313,10.93101569,0.135,35.20282774,0.813313246,0.215533778,0.122158937,4.657943416,78.41531323,4709069.0,481053215.3,67000027.55,0.0,2168187200.0,0.0,0,1,0,13034346.0,166.3441495261826,5.140267685850905,0.0,31350469686.12,0.06915964008539036,0.00213712994480792,Industrial Minerals,-1.28,1827579000.0,57000025.09,0.0,0.0,8.208123996,13.70237599,2334.2379999999994,0,0
1124,GNQ,Equatorial Guinea,2019,66.6,21.748136754408947,2.437878574000001,0.068068981,0.831,8.496,15.239508280000004,-1.901,18544.02,18.623,7.836062996999999,2.363182212925824,52.07541004,1.5302752900000005,0,16.349873453107996,62.297,20.85383948,0.0,36.9422,4.674623741000001,18.8135521,0.858,-0.148,2.685520473,0.386,10.70813326684521,0.048,45.2983497,0.407639951,0.402036369,0.069674179,25.43728016,94.87879243,1171087.0,0.0,58501388.2,401500.0,1656768682.1252012,11331287.487969829,1,0,0,1670177.0,991.9719180213841,35.02705892848483,6.784483014656428,30971795691.54,0.05349281968102839,0.0018888600707120044,Hydrocarbons,-1.666,2069701145.4804056,64336668.2,20.32646985,5.430665940000001,0.0,27.80235331,20309.552,1,3
1149,GRC,Greece,2019,100.0,10.283383720000002,3.661519339,0.0294394959999999,0.1169999999999999,11.7,80.21223967,0.039,29659.045,48.014,10.22599913,3.135317564,13.413957239999998,0.2530075220000007,0,6.279203783403522,81.63902439,7.839589993,0.0201177909999999,110.855,0.00034076,0.020842322,0.178,0.1619999999999999,2.885807184,0.787,3.8032929140133382,0.896,69.72200231,0.684301972,0.224298641,0.163068011,0.070476068,80.59009495,8383077.0,0.0,29427461.873740744,0.0,1574862818.6909225,0.0,1,0,0,10721582.0,146.88716820809861,2.744694008192144,0.0,317991883009.19,0.004952525214756531,9.254155041715416e-05,Hydrocarbons,0.006,2562423723.8050404,38834136.40566667,0.0275504480000003,0.000629432,0.030780883,0.1079236940000001,29066.983,0,1
1174,GTM,Guatemala,2019,95.4,16.9468299,9.408723757,0.038256451,0.812,5.117,34.07722664,-0.449,8190.823,11.205000000000002,14.39883260559672,1.954362869,21.94225338,3.6999839800000007,0,12.74083333,71.639,13.81128823,0.2887239859999998,122.044,0.0118484949999999,0.1399222570000002,0.769,-0.577,-0.604709301,0.649,8.859117246,0.373,62.52261202,0.841489673,0.096764959,0.161927447,1.147909815000001,45.51673414999999,9268248.0,277824870.70000005,377.1,0.0,3387800.0,0.0,0,0,1,17103803.0,0.1980729081128916,2.2047728215765816e-05,0.0,140094222999.86902,2.418229622504254e-05,2.6917598165368502e-09,Precious Metals,-0.401,2650000.0,0.1,0.1766346600000004,0.008164193,0.1956433649999999,1.1938517820000003,8026.749,0,0
1199,HND,Honduras,2019,91.1,21.84149716,10.63803341,0.049373586,0.87,4.486,64.46303283,-0.648,5721.952000000001,25.813,21.84491131,2.4374547,26.7243169,4.365871598,0,17.33916667,72.124,16.53449257,0.000553274,76.0268,0.0,0.000896861,0.841,-0.569,1.008464446,0.783,13.52611851,0.281,58.07197779,0.78034544,0.137014523,0.232716218,0.9168552089999996,99.45997799,5606136.0,171262948.39999998,41566.991,0.0,134701610.0,0.0,0,1,0,9943633.0,13.546518661740633,0.004180261982717987,0.0,56896990731.61601,0.0023674645753303473,7.305657200056878e-07,Industrial Minerals,-0.391,140289658.0,38347.329,0.001168019,0.0,0.000178347,1.0718411100000005,5671.99,0,0
1224,HRV,Croatia,2019,100.0,25.64978389,2.8568540490000007,0.046942197,0.19,12.7,52.92546418,0.7979999999999999,29390.493,46.386,22.09056504,3.605145454,19.57629759,0.7718203460000002,0,8.58,78.22439024,11.99421115,0.0,110.494,0.1018772999999999,0.2761455530000001,0.292,0.685,4.334031509,0.937,8.440538998,0.792,59.16725145,0.502850533,0.281003773,0.263949901,0.6194661260000007,101.3947666,2223635.0,0.0,14342.0,0.0,295445.2,0.0,0,1,0,3949390.0,0.07480780576240888,0.003631446881670334,0.0,116074519149.26999,2.545306258129419e-06,1.2355855621987472e-07,Industrial Minerals,0.772,240312.0,11780.0,0.3203038579999999,0.197945973,0.000304051,0.773060031,28264.666,2,1
1249,HUN,Hungary,2019,100.0,28.23123977,3.325051122,0.043046836,0.511,13.4,33.17210527,1.446,33045.962,44.038,26.27152146,3.417138577,24.63373762,3.3385863540000003,1,1.7924337880000003,76.3195122,17.326162,0.0,105.142,0.059255031,0.1442825450000002,0.469,0.762,0.129879482,0.92,-2.826176377,0.67,56.59052213,0.499626607,0.273792863,0.328054816,0.3038950610000004,159.9255565,6830636.0,0.0,6847000.0,0.0,247356638.8019924,0.0,1,0,0,9694824.0,25.514299052978412,0.7062531511660243,0.0,320374785500.688,0.0007720852264182358,2.137184419585135e-05,Hydrocarbons,1.423,402493465.8834001,7902200.000000001,0.1336363680000003,0.096265038,2.7540579439877533e-05,0.3476229489999998,31496.979,2,1
1274,IDN,Indonesia,2019,98.9,31.87162766,12.71260266,0.037928473,0.629,7.558,38.37269395,-0.135,11976.45,14.268,31.2761793,2.288165092,38.951768,3.030584609,0,10.36583333,70.349,19.70353909,0.527633582,125.244,0.738467378,0.7401346100000001,0.742,-0.502,-0.350416157,0.821,8.62940479,0.54,44.22074584,0.53957212,0.109686799,0.345629454,3.2358396769999995,37.62777754,151880690.0,2738601714.0,3546765049.0,1381160277.0,48629260702.51747,2546953321.753641,1,0,0,272489381.0,178.46295706663693,13.016158780147107,9.346981935247015,3263455447077.45,0.014901156608731043,0.0010868127684035842,Hydrocarbons,-0.081,60244762587.58804,3749521285.749,1.13230202,0.859660704,0.664931025,4.216633744,11522.78,0,0
1299,IND,India,2019,95.9,29.98620823,16.7555683,0.05720482,0.542,6.67,50.74246174,0.355,6617.130000000001,19.152,23.62906944,2.171164513,24.59147531,3.729505735,0,9.46625,70.746,13.45580756,0.649451615,82.8981,0.070225686,0.3050283159999996,0.623,-0.797,-3.001309691,0.741,6.894875427,0.503,50.08495785,0.654512882,0.083861351,0.261579216,2.012245384,39.90540353,469686125.0,5501236938.0,2028166019.0,1284744245.0,45878608756.48815,2391796913.0773325,1,0,0,1389030312.0,33.02923511469644,1.460130856381196,1.7219184436900412,9191394148444.56,0.004991474417866422,0.00022065923691709185,Hydrocarbons,0.481,61906269995.47308,2070408647.0,0.4466295950000001,0.066023891,0.4322848839999999,2.2553163210000005,6436.151999999998,0,0
1324,IRL,Ireland,2019,100.0,45.56843437,0.9538966159999998,0.070161037,0.14,6.2,36.05527226,1.502,87080.954,24.771,47.63359128940839,3.185516834,35.88091008,0.9378429609999994,0,8.812802517575344,82.70243902,31.93030741,0.0118720519999999,104.598,0.039273365,0.001920755,0.032,0.959,1.64474697,0.919,6.361552843918287,0.983,57.47360582,0.210245177,0.084302008,0.636585534,0.067170378,257.6527729,3148788.0,0.0,138601.578,0.0,237429428.0,0.0,0,1,0,4976456.0,47.71054501436364,0.027851462566935187,0.0,433354536019.024,0.0005478872568893037,3.1983414613183023e-07,Industrial Minerals,1.573,293071400.0,148455.16,0.002226363,0.075032559,0.030857292,0.1260756950000008,83779.246,2,1
1349,IRN,"Iran, Islamic Rep.",2019,100.0,37.8698843,11.80810147,0.039407596,0.352,4.659,57.83133837,0.004,14675.905,9.657,16.364785538680618,2.517744303,33.41492506,39.90734557,0,18.0,76.855,18.65533651,0.875208745,135.622,6.822017071000001,20.07804905,0.767,-1.711,-3.306154789,0.704,3.449768758,0.241,51.69403416,0.49102959,0.278726339,0.264740318,27.80066615,48.59177121,65466224.0,1971992251.0,9217730352.0,31052031501.0,52986468112.86685,58244320678.84571,1,0,0,87051648.0,608.6785182156098,105.88806259015338,669.077748865199,1277561716141.44,0.04147468372244232,0.0072150959406015085,Hydrocarbons,-0.265,81931282005.72104,9387262815.0,27.66464716,5.809000880000001,0.743592035,34.239594800000006,15323.612,1,3
1374,IRQ,Iraq,2019,100.0,37.53751697,3.770008253,0.050199676,0.859,4.36,8.808960327999998,-1.575,11434.956,36.113,13.951254568423236,2.288905859,53.10940328,-0.19896538,0,12.36406863,71.245,2.137531496,0.0,90.3685,0.374622752,40.23127831,0.879,-2.609,1.810968139,0.69,26.39970828,0.2249999999999999,44.42410918,0.482654333,0.212506846,0.204958841,40.6099024,68.98993842,28780286.0,4018571348.0,2125692734.0,3459784538.0,49930290986.52326,7717301855.982616,1,0,0,41192171.0,1212.1306008980023,51.604289902564254,187.34875265454244,471030662929.476,0.10600220944426915,0.004512854260441776,Hydrocarbons,-1.532,55392873463.52135,2058179443.0,45.76586314,0.378532048,0.0,46.14778691,11134.603,1,3
1399,ISR,Israel,2019,100.0,27.21490246,1.3464394080000002,0.044990949,0.09,5.1,64.45100081,1.476,40974.826,34.843,20.85988266982624,3.812638998,18.9233447,0.8176459400000002,0,3.533558627,82.80487805,11.58219002,0.0,135.143,0.181189344,0.008262375,0.123,-0.816,-1.918593371,0.883,1.5867493650000002,0.918,70.51810678,0.554944277,0.24613972,0.290997148,0.1896558549999998,56.32534864,8294858.0,0.0,346258385.4,547163469.5,632524296.6,999525797.0551516,1,0,0,9054000.0,69.86130954274354,38.243691782637505,110.3960456212891,370986074604.0,0.0017049812375711745,0.0009333460447797266,Hydrocarbons,1.39,1075368472.2144363,345432783.0,0.008787689,0.1995342869999999,0.034729957,0.2432878049999995,40243.363,2,1
1424,ITA,Italy,2019,100.0,21.36231143,1.8186687989999992,0.037437249,0.152,10.6,73.44040697,1.279,42885.278,46.969,18.12462292558692,3.158385038,21.01229844,0.6112469439999995,0,2.602500000000001,83.49756098,14.80328223,0.0,132.181,0.014152095,0.055800624,0.201,0.3809999999999999,1.737905667,0.927,1.5393757260000005,0.9,66.09422112,0.579896629,0.155469596,0.245062009,0.082492623,58.69419026,41514698.0,0.0,193020531.4,42298626.31,1207615254.7472465,82584991.04854321,1,0,0,59729081.0,20.21821254452662,3.2316005565195285,1.3826596636995505,2561498243369.518,0.000471448792859093,7.535454373222271e-05,Hydrocarbons,1.282,1702280852.3885045,215921276.6,0.066028868,0.022224217,0.0,0.099201325,42592.814,2,1
1449,JAM,Jamaica,2019,98.9,23.35767221,6.30529102,0.032718871,0.52,7.531,44.90808398,-0.24,10544.600000000002,30.633,1.146811163999999,2.599545956,16.67207094,3.905100009,0,12.99845527,71.532,6.87088952,0.0,107.105,0.0,0.2132133969999996,0.12,0.388,6.647791325999999,0.865,10.09525626,0.893,59.57984111,0.79634136,0.194423944,0.217558622,0.3642343990000007,93.25817452102316,1600676.0,977754484.9,9022286.0,0.0,185859091.6,0.0,0,1,0,2823271.0,65.83111986061557,3.1956854301269697,0.0,29770263386.600006,0.0062431121010389735,0.0003030636942251929,Industrial Minerals,-0.426,205187851.2,10058228.0,0.2680566249999998,0.0,1.285511453,1.7295754580000011,10455.167,0,0
1474,JPN,Japan,2019,100.0,28.09054094,1.0389474449999998,0.040942058,0.18,11.2,177.3688554,2.549,41680.498,34.249,24.02470875,3.593987226,28.80408481,0.4687761590000008,0,0.9940000000000015,84.35634146,20.22418279,0.060755753,147.21,0.00645253,0.00193345,0.091,1.02,-2.364087169,0.921,1.0691444069999996,0.948,69.62767166,0.505405486,0.220519722,0.272654384,0.093228662,35.21641811,116143255.0,0.0,760198.6123333335,0.0,212179150.8124551,0.0,0,0,1,126633000.0,1.6755439009772737,0.006003163569790919,0.0,5278126503234.0,4.019970924956975e-05,1.4402811525406723e-07,Precious Metals,2.555,229140545.2002765,1042806.549,0.002541229,0.007112723,0.001825074,0.0367554020000007,41757.968,2,1
1499,KAZ,Kazakhstan,2019,100.0,30.49147138,4.466335958,0.060335569,0.642,6.911,24.2664786,-0.23,26351.775,19.679,13.842405524736288,3.454793215,33.02879591,5.333560989,1,13.609694814512723,73.658,11.46636407,3.004992564,133.88,0.925016309,13.33292183,0.851,-0.168,-0.764739773,0.867,7.702601544184111,0.193,55.52825593,0.523038089,0.188985229,0.202848315,17.92597385,64.85861655,11349629.0,475213542.8,1979232079.0,2190233880.0,32574878162.98325,4290021744.519113,1,0,0,19209555.0,1695.7643299380568,103.0337287355173,223.32749220474463,506205871210.125,0.06435104769747226,0.003909935051263806,Hydrocarbons,-0.319,39602652692.97122,2180765559.0,15.08818304,1.385192331,3.3711074299999995,20.78296469,25544.24,1,3
1524,KEN,Kenya,2019,69.7,14.30003897,20.86116381,0.055016056,0.548,7.294,30.83202877,-0.436,4926.242,17.0,13.26134283,2.346707344,16.93054523,5.239637958,0,12.44113289,62.939,7.904615937,0.00375994,106.548,0.0,0.002842493,0.576,-1.106,-3.800487501,0.576,7.831100748,0.633,55.95986297,0.785721242,0.117428534,0.16343984,1.227184212,31.759461840000007,15969935.0,719708168.5,5.4,0.0,154440000.0,0.0,0,0,1,51202827.0,3.016239708795766,1.0546292688097085e-07,0.0,252237516886.134,0.0006122800521768452,2.1408393432756827e-11,Precious Metals,-0.506,145008000.0,5.472,0.001469744,0.0,0.004458329,1.361324635,4807.768,0,0
1549,KGZ,Kyrgyz Republic,2019,99.9,26.36753689,10.37390262,0.037092447,0.656,5.2,23.30019174,-0.268,5298.562,30.766,-3.55e-15,3.378662109,26.58031495,1.1336225770000006,1,18.99675367,71.6,13.72142421,6.965896629,132.777,0.000931625,0.1037138799999999,0.792,-0.266,0.760612406,0.83,8.364750007,0.399,50.32618508,0.614340544,0.2372967,0.218107551,7.243202311,94.43028235,2298700.0,257512545.7,2614645.2,0.0,883457085.5437406,0.0,0,0,1,6590211.0,134.05596354103696,0.3967468112932955,0.0,34918641576.582,0.02530044256178128,7.487820493433794e-05,Precious Metals,-0.218,662355261.1,2402437.3,0.1346820370000001,0.001610849,4.30242709,4.670480815,5172.427,0,0
1574,KOR,"Korea, Rep.",2019,100.0,34.48277126,1.5068943400000006,0.051937163,0.093,5.7,142.6524784,2.198,42804.158,22.923,28.51898939,3.726922274,33.6464921,0.3830003039999994,0,3.4458333329999995,83.22682927,26.37017559,0.081062715,133.08,0.004969908,0.0191642,0.1139999999999999,0.546,-0.135731745,0.818,4.095609333,0.951,56.93677082,0.430418909,0.168987617,0.343030572,0.1214530049999993,71.44706324,42079679.0,0.0,1092981.926,0.0,60932807.463321134,0.0,1,0,0,51764822.0,1.177108412800514,0.021114376207069734,0.0,2215749619729.876,2.749986141067216e-05,4.932786251062276e-07,Hydrocarbons,2.112,87294431.96000001,1209412.829,0.0251346709999999,0.004077667,0.000308062,0.047121517,42010.616,2,1
1599,KWT,Kuwait,2019,100.0,28.45242279,0.3704341380000002,0.064637326,0.682,1.644637802,91.95705813,0.4189999999999999,44848.657,61.714,28.32215459,2.236457825,57.71865668,1.0918480269999993,0,4.8111,81.9697561,6.379314992,0.0,164.942,1.182907764,38.65534731,0.461,0.175,-6.214404213,0.654,4.926987959,0.655,54.60248426,0.387801975,0.169242278,0.249601021,39.83867034,91.68571239,4442316.0,0.0,1547001655.0,1673406121.0,31499479742.330517,4034771745.935132,1,0,0,4442316.0,7090.7787159514355,348.2421455384984,908.2586078827197,199231906569.612,0.1581045942122957,0.00776482884512012,Hydrocarbons,-0.001,37541355848.41464,1698857410.0,44.04906714,1.102921519,0.0,45.15228961,45718.91500000001,1,3
1624,LAO,Lao PDR,2019,98.4,18.43116887,16.05033906,0.052474722,0.277,6.599,20.91926156,-0.805,7780.344000000001,15.418,3.8592879559999993,1.943006754,31.53138199,3.322558813000001,1,22.6125,67.911,7.643691941,1.683961423,64.0669,0.0,0.0,0.769,0.53,-1.874421339,0.263,12.28603495,0.274,41.51435229,0.491683275,0.227220312,0.314892173,3.104539418,75.09189092,2598839.0,70078834.89999998,15567484.65,0.0,1273728659.2651534,0.0,0,0,0,7237636.0,175.9868359316707,2.150907375004767,0.0,56311297826.784004,0.022619415790827588,0.00027645401989998984,Mixed/Low,-0.903,1647615159.7025845,16204662.04,0.0,0.0,2.272396972,3.878758378000001,7546.503000000001,0,0
1649,LBR,Liberia,2019,23.1,17.925889707203385,36.43715132,0.054494195,0.702,8.513,14.307871570000003,-0.849,1440.0279999999984,27.389,18.17327027,1.959230781,16.98960702,26.96627602,0,13.25018519,61.232,2.2770350290000003,0.0,38.4042,0.0,0.0,0.89,-0.339,-3.862100414,0.769,16.29470396,0.303,41.35125459,0.895189762,0.118466586,0.10561081,14.26048955,51.471764683961226,2665872.0,396297069.6,5.068,0.0,144944800.0,0.0,0,0,1,5043721.0,28.737672048077204,1.0048137079747274e-06,0.0,7263099464.187992,0.019956328660329686,6.977737293821567e-10,Precious Metals,-0.379,193158500.0,7.289,0.0,0.0,0.0,14.02502973,1513.362000000001,0,0
1674,LBY,Libya,2019,68.5,21.12031735,2.042016192,0.055027792,0.445,5.165,14.628953179999996,-1.425,22505.107,59.24,-3.55e-15,2.208262767,49.97761793,-2.162178835,0,6.0,72.941,2.806782515,0.0,164.004,1.688530626,32.75156231,0.808,-2.566,11.92969122,0.573,7.077849938,0.128,56.13745621,0.5337702643106716,0.2003508367239529,0.1295179419548628,34.49902803,78.99396919,6104537.0,0.0,994199687.4,1398008553.0,13335468082.660456,3019748142.624316,1,0,0,6951033.0,1918.4872353016387,143.0290558827731,434.4315647220084,156433741425.531,0.08524675022880979,0.006355404392557347,Hydrocarbons,-1.41,14803316358.71128,900108697.7,30.034529840000005,1.5410878119999998,0.0,31.61685989,25595.531,1,3
1699,LKA,Sri Lanka,2019,99.8,32.94763294,7.2562467,0.066559918,0.398,6.7,47.00849295,-0.643,13639.02,11.934,18.68392580144947,2.90680933,29.19100987,3.528393582,0,11.24416667,76.698,16.16080172,0.0,126.51399999999998,0.0,0.0,0.507,-0.216,-1.854256128,0.849,7.098875132,0.653,55.74585863,0.625822306,0.142434552,0.250348628,0.072257181,49.42552389,4250415.0,1863620210.0,4000.0,0.0,2856000.0,0.0,0,1,0,21803000.0,0.13099114800715497,0.00018346099160665964,0.0,297371553060.0,9.604146632760636e-06,1.345118576016896e-08,Industrial Minerals,-0.599,2372000.0,4000.0,0.0,0.0,0.001790737,0.064834147,13753.052,0,0
1724,MAR,Morocco,2019,99.6,27.64696156,10.84240174,0.052794483,0.583,5.629,81.47485955,-0.689,8509.076,23.811,27.27766189,1.935794353,25.24995241,0.3033860369999992,0,18.27873013715721,74.245,14.76332354,0.155579804,128.875,0.005872253,0.001372371,0.646,-0.346,-1.426386151,0.807,13.977028952191372,0.481,53.4781213,0.556518793,0.189122841,0.315244019,0.3217805130000002,75.99811588,22393922.0,776348704.4,109649.821,0.0,377481300.0,0.0,0,1,0,36210898.0,10.424521921549696,0.0030280889747611337,0.0,308121283110.248,0.001225106218530625,3.5586578081581763e-07,Industrial Minerals,-0.759,422397750.0,108302.886,0.001754869,0.005399243,2.2834767560000007,2.413897895,8356.166999999998,0,0
1749,MDG,Madagascar,2019,31.0,16.7121486,22.95625201,0.040391576,0.783,7.518,14.211691549999998,-1.494,1645.7299999999996,13.941,11.12198783,1.720187426,22.44549735,5.610514415,0,49.0,63.504,10.09005135,0.0,46.078,0.0,0.093270906,0.809,-0.314,-0.723228012,0.859,39.87708944,0.262,49.80339892,0.774571061,0.136157304,0.141802251,4.707852285,62.60132305,8551850.0,545183134.5,60299.1,0.0,183525300.0,0.0,0,1,0,28219554.0,6.503479821119781,0.00213678430211902,0.0,46441766604.41999,0.003951729518888142,1.2983808414010927e-06,Industrial Minerals,-1.39,237570008.0,52911.0,0.1290916600000002,0.0,0.340463533,5.169894414,1628.433000000001,0,0
1774,MEX,Mexico,2019,99.6,24.34838063,3.3150244020000006,0.038773298,0.457,6.083,35.58518649,1.04,20312.294,22.978,17.489322865000002,2.777052879,31.83829614,3.6359614209999993,0,8.429166667,74.53,19.88775427,0.274036356,97.0359,0.117422244,1.582295845,0.611,-0.844,2.138714235,0.825,3.939987956,0.516,59.15560301,0.679002821,0.166119725,0.186055422,2.091263021,77.46197226,98542822.0,3942705388.0,2052743024.0,174143648.2,33186833966.32261,376556470.8612011,1,0,0,125762982.0,263.88396202566673,16.32231513085464,2.994175749277328,2554534664700.708,0.01299134219038316,0.0008035682789376051,Hydrocarbons,0.993,40014957591.13435,2151349675.0,2.2073515019999994,0.120301874,0.423822774,2.891106999,20560.625,2,1
1799,MKD,North Macedonia,2019,100.0,33.37182002,8.132291394,0.038511306,0.614,9.8,51.26796565,0.104,18422.6,29.438,0.00962445,2.648384685653234,23.70348341,0.7664395729999995,1,5.609363829000001,76.60243902,13.39414999,0.0,101.232,0.0,0.0,0.644,0.008,-0.796756958,0.809,4.700387849,0.442,54.99499771,0.594508767,0.239410058,0.320134848,0.1461722119999997,138.5762318,1137553.0,90736866.29999997,5147727.3,0.0,346907164.6963508,0.0,1,0,0,1876262.0,184.89270938512362,2.743607928956617,0.0,34565624321.2,0.010036189755252984,0.0001489262063420265,Hydrocarbons,0.032,437404008.4501438,5026116.461,0.0,0.0,0.268623617,0.4246591950000002,17632.949,0,0
1824,MLI,Mali,2019,47.9,15.70675439,32.26822055,0.052273754,0.592,9.475,20.6750807,-0.351,2219.1889999999985,21.465,13.01654781,1.380388618,23.08297411,-1.658266948,1,5.139999999999999,59.217,7.480079717,5.690409497,108.815,0.0,0.0,0.802,-2.214,-0.655822597,0.726,3.409051288,0.386,37.29072982,0.789921999,0.156454057,0.144452125,7.858428772,53.99871328,5973329.0,446739781.3,65.7,0.0,1802680200.0,0.0,0,0,1,21068405.0,85.56320234018665,3.1184135676146345e-06,0.0,46754772623.54497,0.03855606815831671,1.4052041388158631e-09,Precious Metals,-0.641,1617352800.0,63.6,0.0,0.0,5.380534485,7.742697746,2185.535,0,0
1849,MMR,Myanmar,2019,68.3,30.80936161,20.84215778,0.069500834,0.385,8.847,26.63790148,-1.344,4848.559000000001,16.349,24.269173167000005,1.843833327,38.41261109,8.825066968,0,16.0,66.457,25.32007212,0.682240313,155.669,3.231863601,0.1013846999999996,0.384,-1.33,-3.187137023,0.454,10.03298494,0.574,40.74523113,0.425378472,0.356557786,0.231481344,5.88188183,104.88116082139751,15833402.0,339841832.4,644676883.9,431522884.3,2729740130.5343046,788280429.7436662,0,1,0,52640713.0,51.85606301598355,12.246735409909816,14.974729345775886,255231602782.56705,0.01069514942810504,0.002525850548567072,Industrial Minerals,-0.997,3539320640.863285,591406080.2,0.156814347,3.249615694,1.215056833,6.702780222,4575.100999999997,0,0
1874,MNG,Mongolia,2019,98.9,22.77925515,11.55838286,0.049780209,0.472,5.6,48.90102215,-1.332,12214.531000000004,31.822,26.45198979,2.815145731,38.09269776,7.301069536,1,16.99662335,71.05317073,7.069555547000001,6.5872647,136.719,0.0,1.4439172190000007,0.711,0.637,3.2780741610000006,0.936,6.387440867,0.579,39.74061923,0.55430764,0.251411766,0.3109864,14.77395705,124.3965146,2216388.0,284864835.7,57624141.6,0.0,4375728621.876919,0.0,0,0,0,3267673.0,1339.0962381722159,17.634610807140128,0.0,39913093156.363014,0.10963140853891282,0.001443740312840511,Mixed/Low,-1.162,5423018655.0,55086426.79400001,2.225740653,0.0,9.611052313,19.86761519,11775.080000000002,0,0
1899,MOZ,Mozambique,2019,29.700000000000003,19.23253077,24.76978181,0.0507918,0.584,8.078,21.27915852,-1.334,1290.166000000001,29.708,29.40401273,1.228446841,23.88826282,2.8027030790000005,0,18.95833333,61.306,8.727729553,0.026696759,49.4351,2.701581161,0.08214376,0.545,-0.767,4.91638914,0.487,13.64253842,0.397,40.45297772,0.649998069,0.208574682,0.294978321,12.6767243,105.5911714,9986680.000000002,375009852.6,11069562.43,0.0,1291837066.4654589,0.0,0,1,0,29884380.0,43.22783562735646,0.3704129859813053,0.0,38555811007.08003,0.033505638520435685,0.00028710490431565,Industrial Minerals,-1.301,1670563269.2426128,13611453.51,0.1102567390000004,3.039799385,0.030817351,16.39758881,1297.8689999999988,0,0
1924,MRT,Mauritania,2019,44.9,37.08792072,19.95788245,0.048352588,0.696,6.115,22.72354116,-1.621,5825.571000000002,20.473,20.15251737,1.772524834,28.59843509,2.3000926209999992,0,17.0,67.64,7.096530308,0.604821747,105.441,0.0,0.0,0.786,-0.563,3.559217101,0.739,15.17568811,0.289,42.83578818,0.545202255,0.225237757,0.292762041,2.611914162,93.48669414,2504580.0,244042441.7,29633.554,0.0,504051000.0,0.0,0,0,1,4467708.0,112.82093637274414,0.0066328314204956995,0.0,26026950161.26801,0.01936650267806265,1.138571896299212e-06,Precious Metals,-1.325,365158140.0,28147.235,0.0,0.0,0.3751586699999999,2.8083100010000006,5774.012999999999,0,0
1949,MWI,Malawi,2019,11.200000000000005,8.754375656070634,22.94739918,0.074074805,0.676,6.301,7.220741695999997,-1.2,1411.3739999999998,14.765,6.902673765184062,2.039123058,18.49900692,9.370836056,1,25.67430556,64.995,11.52941896,0.00171856,46.7841,0.0,0.0,0.681,-0.287,-1.497740449,0.756,16.6583028,0.524,52.51265046,0.896683991,0.078972973,0.155702591,4.243762771,44.19545246,3070447.0,339457406.9,54728.0,0.0,1977119.0489784493,0.0,1,0,0,19025752.0,0.10391805007121134,0.002876522305136743,0.0,26852451703.247997,7.362899562498059e-05,2.0381006771675993e-06,Hydrocarbons,-0.908,2534944.868,49753.0,0.0,0.0,0.00107961,5.208148054,1377.0,0,0
1974,MYS,Malaysia,2019,100.0,25.20417754,7.241314016,0.051600937,0.425,4.98,120.7069463,1.2090000000000003,27913.548,21.567,23.17237247,3.078611374,37.47653369,0.6628918660000007,0,4.876892949,75.9,21.4089749,0.0,133.373,2.559699905,1.830202222,0.29,0.1459999999999999,-0.038016648,0.718,4.801617186,0.711,54.15487508,0.663594246,0.121212326,0.217716172,6.196359325,123.028562,25026197.0,0.0,2943475886.0,877909439.9,13193312785.30348,1630032214.731405,1,0,0,33440596.0,394.5298338972033,88.02103545044473,48.74411373324222,933445681594.6079,0.01413399091714186,0.003153344585591367,Hydrocarbons,1.211,18055987343.105965,2909906215.0,2.71329599,2.611063085,0.006014738,7.327444497,26849.887,2,1
1999,NAM,Namibia,2019,53.3,13.5599653,7.083976738,0.054767318,0.327,7.722,70.95057935,-0.522,9959.541,31.923,15.49438285,2.251428366,27.05058111,3.722394144000001,0,9.875833333,63.546,12.46239854,0.814900879,106.533,0.0,0.0,0.267,0.5290000000000001,-1.811618865,0.764,8.867377566,0.789,58.43045255,0.746323526,0.289213538,0.157392994,1.4373139640000003,82.90115074,1272290.0,0.0,75040.237,0.0,366240436.0,0.0,0,0,1,2650494.0,138.178179614819,0.028311792820508174,0.0,26397703663.253998,0.013873950578125939,2.8426804830170562e-06,Precious Metals,-0.417,487951586.0,137915.234,0.0,0.0,0.772592098,1.2628291239999987,10232.301,0,0
2024,NER,Niger,2019,18.5,23.92066548,36.99192039,0.04571699,0.575,9.573,11.22061187,-0.62,1224.3729999999996,18.004,23.37606348,1.224986911,20.58618049,-2.489792651,1,5.139999999999999,60.031,7.346278793,0.088770306,52.8113,0.025053697,0.9336839499999998,0.556,-1.405,-2.570653052,0.56,4.754214605,0.58,36.54049277,0.732806683,0.147434488,0.241727963,5.812639635,37.10256643,3858240.0,345667676.6,225925.255,0.0,157578155.16578737,0.0,0,0,1,22947757.0,6.866821675242045,0.009845199903415397,0.0,28096614081.360992,0.005608439319751454,8.04101356646659e-06,Precious Metals,-0.751,175796124.5,221586.271,1.38714615,0.0248077119999999,0.42203937,6.796097333,1198.125,0,0
2049,NGA,Nigeria,2019,55.4,23.20408147,25.73493057,0.028400546,0.802,12.679,7.923222659000004,-1.529,5135.489,7.832000000000001,9.835765939009525,1.974245191,21.00404094,11.39642234,0,15.37658698,53.009,9.100545566,0.00519322,88.1169,0.85508667,6.514750561,0.934,-1.933,-1.965697065,0.775,-25.77652994,0.268,52.89708259,0.768153191,0.110113434,0.165259674,8.353222672,42.90243267,123515077.0,2316751411.0,2479749668.0,5297720871.0,25123620588.788383,10032975892.024267,1,0,0,209485641.0,119.93003658321567,11.837325251328323,47.8933823059704,1075811205013.4489,0.023353187317354918,0.0023050044993433586,Hydrocarbons,-1.734,29343311325.39806,2410635476.0,7.690681535,0.968367262,0.0139798909999999,9.798508226,5155.067999999999,0,0
2074,NIC,Nicaragua,2019,85.7,24.02287141,15.52978407,0.040959377,0.714,4.950000000000001,32.21731345,-1.044,5489.511999999999,27.378,11.82519732,2.28634882,24.28092012,5.376289908,0,12.45726008,73.764,14.03936172,0.0453935749999999,89.2773,0.0,0.0178636680000003,0.9,-0.992,0.157902634,0.579,6.700362866,0.032,50.46782936,0.68175441,0.237705797,0.147826016,1.2848595879999998,94.04221592,3795570.0,181133557.5,26.886000000000003,0.0,268602896.0,0.0,0,0,1,6483657.0,41.42768440711777,4.146733857142659e-06,0.0,35592112905.383995,0.007546697121186324,7.553920744034552e-10,Precious Metals,-0.992,207823764.0,18.966,0.0215824229999999,0.0,0.701478407,2.0268746549999994,5712.166000000001,0,0
2099,NLD,Netherlands,2019,100.0,29.61699363,1.75880699,0.042664278,0.02,8.8,98.63684625,1.089,57258.337,43.923,21.101958725000003,3.396878481,17.11275575,2.633699102,0,1.4999999999999982,82.11219512,10.42075667,0.0,124.088,0.192462763,0.021176578,0.018,0.821,2.486119597,0.93,0.351053254,0.987,70.25080535,0.439562052,0.203094393,0.258919775,0.2182674680000005,160.6766719,16285068.0,0.0,964440562.7666668,125450002.8,1876637970.6703067,229164630.00321144,1,0,0,17344874.0,108.19553780963221,55.60378027344948,13.212239535623691,993138640714.538,0.0018896032172508296,0.0009711036538390817,Hydrocarbons,1.135,3584503993.8752847,1129118119.0,0.02853239,0.32039214,0.0,0.3551035729999992,56490.46800000001,2,1
2124,NOR,Norway,2019,100.0,31.78545412,1.7824610219999997,0.043056242,0.022,7.6,149.3881322,0.632,63751.023,56.725,25.81072601,3.662843227,29.82445898,2.167730033,0,3.2358333330000004,82.95853659,6.276062105,0.0,108.005,1.685969452,4.538003068,0.009,1.142,4.452899787,0.929,3.805139127,0.992,57.31028928,0.366449475,0.177003145,0.30185467,6.26890345,70.89582053,4411671.0,0.0,4576430998.066667,1482937974.0,27069088280.962257,2791057178.3407874,1,0,0,5347896.0,5061.63326305565,855.7442025923217,521.898177963967,340933840897.60803,0.07939689474560509,0.01342322306878623,Hydrocarbons,0.734,36936989614.40471,4851708926.0,4.967221774,2.372847906,0.0,7.393622118,63431.649000000005,4,4
2149,NPL,Nepal,2019,89.9,41.75560166,21.58337276,0.042527042,0.336,7.024,78.9459109,-0.336,3922.081,22.352,22.9454462,1.823577166,13.01067541,5.566160352000001,1,5.172596795746335,69.299,4.981441389,0.0,136.186,0.0,0.0,0.658,-0.453,-3.747597921,0.681,4.075467775274136,0.577,52.02271626,0.698889256,0.074651681,0.288815141,0.4461893450000005,49.24952659,18749700.0,147411972.80000007,7184.0,0.0,259531.1951443718,0.0,1,0,0,28414064.0,0.009133899154459982,0.00025283254095577457,0.0,111442260547.184,2.3288400097958152e-06,6.446387541608002e-08,Hydrocarbons,-0.205,787849.0242,15463.0,0.0,0.0,0.0,0.4241564600000007,3719.308000000001,0,0
2174,NZL,New Zealand,2019,100.0,21.89655693,5.689462664,0.037402306,0.0449999999999999,6.87,155.390582,0.131,42174.159,36.336,23.450410795000003,3.40705514,20.36793611,1.619631902,0,4.76,82.05609756,9.671003999,0.042631627,120.475,0.295210633,0.1298882060000004,0.009,1.416,-1.87572062,0.935,1.1054194630000005,0.992,65.49207125,0.580749631,0.222134739,0.220391914,1.5032765779999997,54.45429718,4165358.0,0.0,3387288.277,0.0,840546479.2146028,0.0,0,1,0,4970300.0,169.11383200503045,0.6815057998511156,0.0,209618222477.7,0.004009892218716927,1.6159321632261015e-05,Industrial Minerals,0.2869999999999999,990662510.9324534,3570925.3769999994,0.1744302019999999,0.277834411,0.07091826,1.5881323820000004,41611.209,2,1
2199,OMN,Oman,2019,100.0,23.90166633,1.9947193389999995,0.039983556,0.516,2.000999999999999,65.1353365,-0.179,33702.768,33.949,28.30722171,2.3964050286349243,51.37923295,0.4908153629999994,0,5.413343512999999,79.946,8.02938032,0.0,138.232,3.366692331,21.611779760000005,0.252,0.589,-4.633607001,0.605,8.300898405,0.623,50.67337283,0.3831172589999999,0.186013207,0.284177482,24.98002971,86.47820103,3653618.0,0.0,1630084185.0,645331145.0,12878847844.087343,1230618373.8426113,1,0,0,4591241.0,2805.0907900690345,355.04217378264394,268.0361091571127,154737530255.08798,0.08323027918861248,0.010534510808804902,Hydrocarbons,-0.37,16013457787.838257,1620364096.0,23.70879908,3.304592723,0.0,27.0144783,34208.006,1,3
2224,PAK,Pakistan,2019,93.9,11.57738458,20.67787132,0.078015752,0.63,6.772,15.68798581,-0.705,5412.609,11.265,9.837530903,1.770269156,19.56389458,10.5783618,0,12.2330548,66.729,12.58727459,0.039915884,71.666,0.705622139,0.35819153,0.904,-2.252,-3.014696815,0.746,2.9317933030000005,0.242,53.62048263,0.849302709,0.086488478,0.115372099,1.303404840000001,28.90557699,85648282.0,8097223701.0,1143582450.0,381034680.0,2460560195.0,696051570.4395989,1,0,0,230800899.0,10.660964518166804,4.954844001712489,3.0158096153672216,1249235023135.491,0.0019696535475159584,0.0009154261838814681,Hydrocarbons,-0.721,4042904750.1642,1193322993.0,0.4434904169999996,0.592895257,0.035432565,1.2412393349999986,5353.947,0,0
2249,PAN,Panama,2019,93.9,31.25446034,2.4550807700000004,0.037181791,0.642,4.718999999999999,83.32655675,0.3319999999999999,32894.993,17.779,29.32288348,2.888246298,28.41593269,-0.355083821,0,7.09,78.514,5.675572819000001,0.233373967,137.57,0.0,0.0,0.499,0.291,-1.3082489,0.794,6.5165673,0.617,66.006043,0.490720809,0.142301828,0.357081473,0.316112296,80.42865057,2784442.0,0.0,147517.186,0.0,647390542.0,0.0,0,1,0,4234700.0,152.87754551680166,0.03483533331759038,0.0,139300426857.1,0.004647441193156711,1.0589858863198536e-06,Industrial Minerals,0.4479999999999999,2650000.0,0.1,0.0,0.0,0.0,0.099439379,32309.421,2,1
2274,PER,Peru,2019,95.6,21.3222508,6.853031035,0.042026687,0.619,6.16,44.72423689,-0.744,13303.52,19.786,20.95470829,2.838530064,30.44919578,2.252121914,0,14.38545,76.275,12.84935117,1.790316041,122.79,0.325180505,0.2620762509999998,0.526,-0.164,-0.212553621,0.783,12.28326446,0.759,54.39156203,0.618833661,0.157187507,0.225092843,2.4991214700000004,46.94350538,26966442.0,843375643.2,526000970.8826667,266386996.2907,19352392225.531315,494358110.2893015,0,1,0,32449303.0,596.3885333848716,16.209931254383697,15.234783634314164,431689951446.56,0.044829378494178354,0.0012184693415264304,Industrial Minerals,-0.685,21803842279.766617,500296310.493,0.3097474450000002,0.29782425,5.21656664,5.956026112,13246.574,0,0
2299,PHL,Philippines,2019,95.3,28.86511291,8.820323747,0.048502438,0.746,5.896,47.97366866,0.611,8983.407,20.218,20.20418468,2.714880228,30.32750788,2.3920653440000006,0,7.095833333,69.68,18.5164544,0.3741796640000001,151.007,0.153193276,0.034329224,0.755,-0.928,0.066642873,0.786,6.35446159,0.43,60.85216837,0.727453589,0.12178614,0.240234122,0.7853001870000007,68.84184226,59519606.0,1158759440.0,14248334.95,0.0,4683469790.0,0.0,0,1,0,110804683.0,42.26779647932389,0.12858964589068855,0.0,995403564894.981,0.004705096460543744,1.4314128914641024e-05,Industrial Minerals,0.755,4590896802.455088,12175093.55,0.0571201419999995,0.166364709,0.452207034,0.9437834449999992,8587.915,0,0
2324,PNG,Papua New Guinea,2019,23.6,33.56836515,16.97644575,0.0545928345480204,0.827,6.624,18.05466942,-1.409,3792.8960000000006,16.317,-3.55e-15,2.7581676280295424,36.71108094,3.928672909,0,8.650833333,65.331,1.6910529160000003,3.105802997,47.1953,7.065899442000001,1.5719422300000003,0.698,-0.705,-2.436438677,0.643,7.508808733,0.464,41.83616727,0.6680615534260304,0.1689989466550975,0.1424325887402559,13.81520372,131.082911,1338326.0,173536313.69999993,102540.313,169949808.9,2639688942.0,310454238.3930899,0,0,1,9609010.0,274.70977155815217,0.010671267175286528,32.30866014220923,36445975592.96001,0.0724274463518515,2.813487945698096e-06,Precious Metals,-1.676,2372406672.0,99738.566,2.226890615,6.331347468000001,6.0543202140000005,16.92188083,3705.952000000001,0,0
2349,POL,Poland,2019,100.0,20.54797658,2.3702974460000004,0.052351974,0.139,10.8,50.22772955,1.063,33258.733,41.133,18.659345886889447,3.399794102,28.83152422,2.227478808999999,0,8.898311453,77.90487805,16.66148788,0.2079815889999999,126.59699999999998,0.042060362,0.0402025970000003,0.1049999999999999,0.5510000000000002,0.624643247,0.878,8.341211273858647,0.782,56.82473403,0.582930386,0.215448722,0.197273076,0.6716012009999996,101.5810338,22765093.0,0.0,251486977.1,69768358.71,6735823796.789036,127448702.69312169,1,0,0,37965475.0,177.4197161181056,6.624096685212025,3.356963206521759,1262683596243.175,0.005334530215510783,0.00019916864196877328,Hydrocarbons,1.053,9078940372.919392,261327553.0,0.04561187,0.062071364,2.132401173,2.713150649,31838.525,2,1
2374,PRT,Portugal,2019,100.0,18.88278965,1.999918458,0.032348663,0.017,10.8,93.35554945,0.576,34989.25,42.524,17.86167354,2.512750864,18.88608319,0.3381784099999994,0,4.283504650764934,81.67560976,11.93776005,0.078803094,115.146,0.0,0.037513627,0.1059999999999999,1.052,2.940462465,0.94,3.016513985312376,0.966,65.58607854,0.638303161,0.181570709,0.247574508,0.2214319539999998,86.77098891,6286442.0,0.0,231967.9781,0.0,520710871.6,0.0,0,1,0,10286263.0,50.62196753087103,0.022551239269305093,0.0,359908627672.75,0.0014467862995311712,6.445190814122936e-07,Industrial Minerals,0.605,567354987.6,213687.07375,0.042296497,0.0,0.064797536,0.2406673680000004,34083.355,2,1
2399,QAT,Qatar,2019,100.0,46.16053249,0.2599720869999977,0.072455674,0.847,0.8410000000000011,100.636055,0.003,91022.868,33.463,29.231379675775948,2.938780069,57.16457526,-0.666641125,0,5.039070556,82.945,8.333592942,0.0,140.017,7.865482625,14.50842444,0.369,0.6840000000000002,2.709248522,0.272,9.937847386,0.533,46.45462872,0.17623578,0.145279199,0.48088792,22.37398667,90.04629341,2615415.0,0.0,6792097756.0,23824152030.0,30051803604.274246,43763759977.71931,1,0,0,2638657.0,11389.052690165583,2574.073764039813,16585.619115223883,240178127808.276,0.12512298217372786,0.028279418354954632,Hydrocarbons,0.082,41031703672.059074,6746858251.0,16.29116095,7.708310165,0.0,23.99952787,91679.05,4,4
2424,ROU,Romania,2019,100.0,19.70126259,4.311478313,0.062756896,0.367,13.4,24.715563110000005,1.091,30105.501,28.754,24.00092966277865,3.273047924,27.77456707,3.8278543260000006,0,7.161666667,75.60731707,17.24259194,0.0115879199999999,116.252,0.238741949,0.3560497409999996,0.388,0.542,-3.45742624,0.899,0.1819059369999998,0.624,58.36173826,0.612366736,0.217238784,0.244099304,0.7982521049999995,84.90636306,10246281.0,0.0,383719526.7,76367172.41,2614861971.7643785,145283670.5,1,0,0,19371648.0,134.98397099536285,19.808305762111722,7.499809541242954,583193168235.648,0.004483697879512546,0.0006579630002540639,Hydrocarbons,0.974,3679949055.372039,397295885.4,0.4178957499999995,0.367013897,0.069767567,1.070263347,28811.89,2,1
2449,RUS,Russian Federation,2019,99.8,27.40352208,3.530302914,0.035273399,0.433,12.3,52.56142892,0.257,27337.884,35.682,14.80661132944356,3.310307503,32.15049584,4.472026318,0,8.753333333,73.08390244,12.96920728,0.76136993,163.646,2.191791276,8.493707431,0.724,-0.551,2.19972447,0.89,5.316709231,0.184,54.17294421,0.495444775,0.252100378,0.189479038,12.20711401,49.22875366,108540571.0,7843114289.0,28317896205.98344,36301029525.0,200872408587.86865,67351199512.937454,1,0,0,145453291.0,1381.0097193872957,194.68721547169008,463.04349011214504,3976385196776.2437,0.050516335477438404,0.007121517359269287,Hydrocarbons,0.2009999999999999,252684685227.318,27932121524.42157,9.654760957,3.184085443,0.733408264,14.47348682,26737.866,3,2
2474,RWA,Rwanda,2019,46.6,11.82398422,23.5606293,0.046182837,0.182,6.132,21.460547089999995,-0.746,2272.2969999999987,23.131,15.51755107,1.788336515,18.86474597,3.3478765500000005,1,16.5275,66.691,8.359411622,0.0,75.5985,0.039427823,0.0,0.377,0.0569999999999999,-3.793996087,0.311,13.71735061,0.473,49.09856496,0.755761206,0.139636785,0.169205084,3.817090323,57.97566286,2934812.0,305607219.4,11.4,0.0,326040000.0,0.0,0,0,1,12776103.0,25.519518745269977,8.9229086521923e-07,0.0,29031100518.590984,0.01123071444677786,3.9268232331391123e-10,Precious Metals,-0.849,479650000.00000006,18.1,0.0,0.046339454,0.184126157,4.713875686,2124.565999999999,0,0
2499,SAU,Saudi Arabia,2019,100.0,33.56482032,2.453846565000001,0.060431693,0.566,2.295,50.13759358,0.7,56426.096000000005,29.474,24.28638446,2.839891434,45.72344599,-1.192986445,0,5.6488747994967845,78.313,12.86911198,0.04272335,135.526,1.079817969,24.32957801,0.409,-0.623,-3.994655193,0.524,-0.017680565,0.318,49.06409131,0.407409251,0.213511258,0.285505891,25.45316774,56.79382049,25145200.0,0.0,8188215387.0,5886798156.0,130802021292.07384,13620642457.065895,1,0,0,30063799.0,4350.814788645767,272.3613002801143,453.05792714573084,1696382808498.704,0.07710642941956798,0.004826867701074239,Hydrocarbons,0.781,157955740590.70975,8377566235.152999,28.084281160000003,1.107314011,0.07839638,29.27074181,55568.534,4,4
2524,SDN,Sudan,2019,57.6,37.43045001,20.16401535,0.043964136,0.443,6.549,9.173616140999997,-1.328,4229.534,7.84,0.1964851150000015,1.611784101,21.73630133,50.9940515,0,15.921551538993052,65.803,5.134511308999999,2.660392544,72.4819,0.0,2.999367032,0.748,-1.696,-10.60251611,0.264,5.377834121367056,0.239,37.63562782,0.741951764,0.198858485,0.091773301,8.259769112,26.11962046,15701717.0,528204801.9,26341400.95,547500.0,2328507533.211531,15451755.665413402,0,0,1,45548175.0,51.12186236246636,0.5783195693351051,0.3392398414516806,192647554800.44998,0.012086878214589683,0.00013673363763835568,Precious Metals,-1.476,3350079376.870404,27083043.41,3.364678798,0.0,0.048126752,6.147706441,4465.804,0,0
2549,SEN,Senegal,2019,70.4,23.67642821,14.89627212,0.048728622,0.522,5.979,29.51666583,-0.781,3368.267,20.339,19.68821733,1.617536068,23.57280962,1.760111512,0,5.139999999999999,67.668,14.89211538,1.194460588,109.342,0.005436904,0.0,0.341,0.038,-11.47559723,0.744,4.514047781,0.73,50.95479294,0.707415402,0.139964506,0.270207524,2.759883106,64.23625061,8167358.0,218536223.8,17.0,0.0,460753400.00000006,0.0,0,0,1,16352922.0,28.175600666351865,1.039569564387331e-06,0.0,55081007526.173996,0.008365014016511121,3.0863632971713077e-10,Precious Metals,-0.709,395158320.0,15.84,0.0,0.004183748,1.172958856,2.8865546440000003,3309.4860000000026,0,0
2574,SRB,Serbia,2019,99.8,19.32728866,4.764748515,0.042725634,0.734,14.6,40.16657183,0.573,18318.294,42.025,18.48947714,3.366787434,25.53211587,1.849229845,1,4.758888889,75.93658537,15.69524581,0.159566394,122.048,0.0495486969999999,0.4265344579999999,0.638,-0.078,1.917172683,0.894,-0.182390993,0.524,53.1890492,0.609763265,0.264709592,0.228403166,1.1946169370000002,107.5773095,4240012.0,615407166.1,38936715.95,0.0,1642111250.0326629,0.0,1,0,0,6945235.0,236.43710400478355,5.606248881427339,0.0,127224856629.09001,0.012907157402582551,0.0003060464517835197,Hydrocarbons,0.572,2161141896.276188,37708096.84,0.5021815649999999,0.077644879,0.344671584,1.5406795349999998,17463.775,0,1
2599,SVK,Slovak Republic,2019,100.0,21.04508806,1.6170097129999998,0.048545882,0.15,9.8,62.46450725,1.348,32950.782,39.314,21.79343719,3.782398939,29.14678406,2.664561334,1,4.578032767766793,77.66585366,18.70202173,0.007162614,135.756,0.007133108,0.001566943,0.292,0.667,-0.144689024,0.931,2.6620633887292016,0.829,58.65539902,0.538694143,0.318794549,0.326568484,0.2519894340000004,183.7226086,2910696.0,0.0,1929152.752111111,0.0,459741277.8498312,0.0,0,1,0,5454147.0,84.29205847400725,0.353703842619407,0.0,179718408792.954,0.0025581201221266084,1.073430799364358e-05,Industrial Minerals,1.265,576314690.8,2095986.86,0.001983634,0.007700508,0.0121934329999999,0.2892025969999992,32186.674,2,1
2624,SVN,Slovenia,2019,100.0,27.07164872,1.7704065169999996,0.042896245,0.152,9.9,42.71554131,1.703,39377.625,44.092,19.73576583,3.567204952,28.5562741,1.6305226079999997,0,4.125720981359491,81.52926829,20.5744094,0.0,120.569,0.000791062,6.446118317615657e-05,0.096,0.8010000000000002,2.100443346,0.939,2.1052013755176207,0.945,56.517494,0.541951358,0.221516654,0.287216008,0.2343713530000002,160.0442757,1158058.0,0.0,3286951.0,0.0,211836512.76258475,0.0,1,0,0,2088385.0,101.43556516762223,1.573920038690184,0.0,82235641385.625,0.0025759696062833204,3.9969907750662564e-05,Hydrocarbons,1.615,295986716.7388755,3297279.0,0.000282755,0.002651069,0.0,0.2617904719999995,38295.871,2,1
2649,SWE,Sweden,2019,100.0,29.50446031,1.257183779,0.04398394,0.051,8.6,131.8224744,1.815,53402.359,48.669,24.3768917,3.43598628,22.37607097,1.7841509739999992,0,3.678033333,83.1097561,13.18465713,0.172177306,125.457,0.0,0.025371271,0.009,1.012,0.432231605,0.932,1.898882811,0.994,65.03990336,0.455157399,0.267042279,0.291931361,0.4047801119999992,92.75113903,9015493.0,0.0,536051.898,0.0,1452758586.0,0.0,0,1,0,10278887.0,141.3342306418973,0.05215077254959608,0.0,548916813694.433,0.002646591523080419,9.765630868403414e-07,Industrial Minerals,1.788,1596383822.0,534059.49,0.026172718,0.0,0.781670409,1.0610961640000005,52860.888000000006,2,1
2674,SWZ,Eswatini,2019,77.0,17.30023862,7.424011382,0.05494203,0.535,9.372,20.22337857,0.036,8917.731,27.323,8.519368909,1.82367444,34.64707844,2.598016203,1,10.125,59.85,29.34748495,0.0,91.0519,0.0,0.0,0.495,-0.274,-4.248010181,0.157,8.002680684,0.293,51.31421735,0.690688193,0.246917516,0.121904984,3.276076475,86.64079485,287252.0,66769733.29999995,109926.006,0.0,4142817.449532324,0.0,1,0,0,1179874.0,3.511237174081575,0.09316758060606471,0.0,10521798945.894,0.00039373661014013264,1.044745357379189e-05,Hydrocarbons,-0.132,7673991.908,144375.012,0.0,0.0,0.0,3.143800153,8769.915,0,0
2699,TCD,Chad,2019,8.400000000000006,19.07363504805552,37.59036525,0.070496462,0.897,12.519,7.541473121000003,-1.845,2251.107,10.445,10.59713743844864,1.6359205328081163,28.7590371,-0.971939175,1,31.081688290897063,52.993,9.077935769,0.0,45.9379,0.0,15.57075954,0.938,-1.35,0.606954225,0.786,23.79620517110433,0.051,31.07926928,0.658669531,0.091320895,0.20583865,19.64995887,46.67772472,4050022.0,469812226.1,46310401.0,547500.0,1306989956.1996648,15451755.665413402,1,0,0,16685223.0,78.33218388508591,2.7755338361375212,0.9260742673570141,37560222291.861,0.03479718373452968,0.0012329639755629214,Hydrocarbons,-1.844,1352791624.864271,42159493.0,16.61216737,0.0,0.0,20.93994138,2176.0629999999983,1,3
2724,TGO,Togo,2019,52.5,19.71482531,19.51459005,0.041694783,0.599,8.394,27.59331132,-0.893,2063.759000000002,18.23,11.81308035,2.107893944,19.34441978,0.6746527699999998,0,5.139999999999999,61.055,12.6335069,1.323332075,73.7225,0.0,0.0,0.73,-0.908,3.761613536,0.79,6.078432857,0.2159999999999999,51.23762745,0.742016435,0.157293677,0.147743627,4.325876358,56.34217403,3507580.0,318867134.0,8.227,0.0,235292200.0,0.0,0,0,1,8463068.0,27.802234367016784,9.721060967488386e-07,0.0,17465732752.612015,0.013471647787855442,4.710366359390015e-10,Precious Metals,-0.82,265000000.0,10.0,0.0,0.0,1.722515871,4.873623296,2014.941999999999,0,0
2749,THA,Thailand,2019,99.9,32.88818657,8.12856804,0.068837017,0.656,7.422,143.3691634,1.043,18431.951,20.981,20.03066695,2.76140666,33.59391051,0.706728601,0,4.084166667,77.197,25.62159641,0.0,181.222,0.700466146,0.4598909410000003,0.72,-0.491,1.443094385,0.666,3.038915787,0.3380000000000001,58.27752145,0.520099699,0.183807328,0.214125648,1.5124249150000004,109.6895147,39999986.0,1341708647.0,1430720943.0,138242358.6,7676357136.839796,254968044.4627549,1,0,0,71522271.0,107.32820741723646,20.00385226861714,3.564876239217221,1318294994480.721,0.005822943399601945,0.0010852813285265972,Hydrocarbons,1.052,10085944856.699228,1395406670.0,0.6808047239999997,0.717657095,0.00013308,1.8167064259999988,18101.518,2,1
2774,TJK,Tajikistan,2019,99.4,31.42056767,20.86707336,0.023138529,0.79,4.843,11.582367310000002,-0.712,3592.581,26.773,12.0340446,3.151337147,33.06214906,6.004580823,1,23.54970722,70.962,13.4323434,3.708466987,115.373,0.051902369,0.1984717619999996,0.905,-0.512,-1.205449226,0.496,19.18895987,0.0559999999999999,37.0798561,0.581359208,0.249799386,0.233825892,5.223687128,56.04501591,2490187.0,144177543.69999993,2261801.9,0.0,669274209.2151734,0.0,0,1,0,9529966.0,70.22839422671323,0.23733577853268312,0.0,34237174782.246002,0.019548172811333475,6.60627494641549e-05,Industrial Minerals,-0.84,682626753.3087995,2131506.932,0.2050731179999996,0.065868209,3.71239504,5.400407421,3412.92,0,0
2799,TTO,Trinidad and Tobago,2019,100.0,23.77484126649756,0.7650529410000004,0.037037931,0.309,7.948,41.44843385,0.055,28000.485,26.836,21.410739033832847,3.08532095,35.19696932,1.00054293,0,9.25,72.836,14.64875546,0.0,145.716,8.236599353,2.774581227,0.094,0.082,-0.572594761,0.837,11.92738414,0.897,60.28736123,0.58407706,0.144682497,0.200138256,11.0689883,104.18460943305506,735655.0,0.0,1231299581.0,279667246.53000003,3041418138.4152803,513220539.0031757,1,0,0,1363985.0,2229.8032151491993,902.7222300831754,376.2655300484798,38192241532.725,0.07963444973003858,0.032239521211263854,Hydrocarbons,-0.22,4697483090.098761,1212312014.0,3.660556391,7.504017866,0.0,11.23203743,28002.631,0,0
2824,TUN,Tunisia,2019,100.0,11.593905660000004,9.766258733,0.045444541,0.265,6.099,59.29035832,0.136,11364.832,25.929,9.876981578310046,2.6992414,23.23531158,6.720075329,0,13.55464653849281,75.599,14.31893977,0.0,124.387,0.308497306,1.661411812,0.377,-0.877,-1.007610791,0.871,10.977992520574476,0.818,59.94170903,0.727503896,0.189925522,0.127708137,2.247392297000001,102.3326147,8172507.0,2132216103.0,14580660.0,155125.0,411500996.8,4377997.438533798,1,0,0,11875081.0,34.65247915361588,1.2278366774929788,0.3686709537841298,134958300551.392,0.003049097351691242,0.00010803826026579001,Hydrocarbons,0.176,511966553.3895746,15955340.0,1.990215489,0.349896452,0.2709350850000001,2.821879871,11306.153,0,0
2849,TUR,Turkiye,2019,100.0,26.46578428,6.654153563,0.052575365,0.592,5.3,64.25575194,0.531,28504.810000000005,30.066,26.46784015,2.514292002,27.06799269,15.17682157,0,4.415510222187841,77.737,18.25985518,0.1472802079999999,94.6498,0.003368474,0.1025182979999996,0.851,-1.378,-2.905191052,0.643,0.5781036370281623,0.14,56.53297748,0.52407968,0.211930901,0.225256279,0.382779824,62.57845893,73216431.0,1481462532.0,90726499.77777778,0.0,5589418635.449664,0.0,1,0,0,82579440.0,67.68535407178426,1.09865724177565,0.0,2353911247106.4004,0.002374523951283459,3.854287194952886e-05,Hydrocarbons,0.4589999999999999,6687594997.365406,86563686.6,0.1081118789999999,0.004284886,0.279763046,0.5299666359999993,28670.231,2,1
2874,TZA,Tanzania,2019,37.7,35.18066771,26.59431195,0.039493334,0.536,6.183,12.63830815,-0.924,2725.695,15.225,23.14977163260341,1.7155940530000002,28.67183336,3.4642805800000005,0,16.97083333,66.007,8.501810556,1.022281361,80.5836,0.1855590269999999,0.0,0.318,-0.388,-0.309203643,0.693,14.36289174,0.748,36.83250439,0.73026073,0.064650796,0.218460828,3.531450444,33.01858925,19733362.0,300580648.5,722197.015,0.0,1453605506.4968448,0.0,0,0,1,59174891.0,24.564565847647184,0.012204450279426793,0.0,161292704524.245,0.009012221047346525,4.477555368237016e-06,Precious Metals,-0.038,1120504928.1859317,648499.345,0.0,0.197788905,0.811400866,3.611597287,2625.994999999999,0,0
2899,UGA,Uganda,2019,41.3,17.30867272,22.94550881,0.040278748,0.616,5.42,13.80506371,-0.754,2561.4879999999994,13.454,12.734716343593192,2.43697238,26.6204367,2.8675880340000006,1,19.84655871,66.354,15.46630748,0.0,59.0598,0.0,0.0,0.824,-0.694,-2.71014321,0.569,14.7478688,0.355,42.99811105,0.738537669,0.112010211,0.173737481,7.388339378,39.36105396,11969800.0,239311795.39999992,0.17,0.0,4862000.0,0.0,0,0,1,42999637.0,0.11307072196911802,3.953521747171959e-09,0.0,110143054179.85597,4.414259288707113e-05,1.5434473037437459e-12,Precious Metals,-0.754,318000.0,0.012,0.0,0.0,0.0,8.388882178,2441.33,0,0
2924,UKR,Ukraine,2019,100.0,12.1342336,8.965181014,0.025276348,0.331,13.079,30.02706859,0.3249999999999999,12902.796,39.409,12.2740277,3.28966856,22.58041968,7.886717456,0,19.82170833,73.92,10.78860042,0.085357372,130.629,0.718231984,0.3634169649999998,0.664,-1.428,0.954581125,0.897,10.69365877,0.356,54.48551971,0.64990443,0.276178896,0.120117739,1.7317987000000006,90.51123429,31179240.0,11328387888.0,700438311.2,1053583003.0,2174776440.8817005,1924622987.0,1,0,0,44957458.0,48.37409714939178,15.580024813680525,42.80987121202449,580076909252.568,0.0037491174121788624,0.0012074921446235782,Hydrocarbons,0.2999999999999999,3502501954.0,711041797.5,0.4845496779999996,1.22232292,0.421159094,2.9104695510000003,12428.081,0,0
2949,URY,Uruguay,2019,99.9,16.82132949,6.502795597,0.035913266,0.036,9.754,25.308254309999995,-0.042,22993.361,27.861,15.06337754,2.776405811,17.56016942,7.881988709,0,11.55718506,77.503,10.57871185,0.0,133.237,0.0,0.007349923,0.0439999999999999,1.028,-0.490401037,0.881,3.049128555,0.965,64.88327593,0.625623524,0.194453225,0.143074676,1.706327805,49.74483412,3239166.0,0.0,0.0,0.0,0.0,0.0,0,0,0,3397206.0,0.0,0.0,0.0,78113183949.366,0.0,0.0,Mixed/Low,-0.018,12322500.0,0.465,0.008714751,0.0,0.007919167,1.972992442,22863.446,0,0
2974,USA,United States,2019,100.0,19.44999335,0.8388128909999999,0.045097634,0.088,8.697,196.1834646,1.597,62980.63900000001,30.037,20.84261365,3.749341488,18.28042804,1.8122100749999996,0,5.282500000000001,78.78780488,11.05803677,0.018750106,105.321,0.0,0.3685445600000001,0.097,0.118,-3.527566768,0.926,3.719680362,0.938,77.18111416,0.690386415,0.116583928,0.232231289,0.5570981259999996,26.45375949,264611859.0,0.0,39159870734.81288,12208672989.0,273165088392.98776,22964513372.023453,1,0,0,330226227.0,827.2059153950476,118.58498063757025,69.54176105468284,20797858791019.055,0.013134289021663427,0.0018828799218370944,Hydrocarbons,1.573,320779205320.6218,35514767266.37923,0.3192476070000003,0.008189258,0.03524484,0.5956788100000008,61750.7,3,2
2999,UZB,Uzbekistan,2019,100.0,34.41953481,21.84191174,0.053779479,0.722,5.97,25.85805922,-0.69,7476.063,26.777,17.87384329,2.3660742519214746,31.99911837,14.52573596,1,23.60606748,72.093,17.54788576,4.92871809,101.26,5.0744737010000005,0.8192119309999999,0.784,-0.297,-0.41947617,0.698,5.128645565,0.171,38.54744348,0.528057456,0.29824397,0.272101641,10.85699852,64.96392276,16677505.0,363392734.9,2024192186.3666668,816392672.1,7790708909.047112,1497060587.4002347,1,0,0,32964701.0,236.3348877044907,61.40483987301043,45.414050241203,246446181452.163,0.03161221189608631,0.008213526273522632,Hydrocarbons,-0.672,10487824991.908909,2053636205.0,1.120734262,8.436774646,9.038785041,18.65079715,7183.464,0,0
3024,VEN,"Venezuela, RB",2019,99.8,9.041046508,5.012930064000001,0.038795892,0.905,6.802,27.47279942,-1.277,7804.256000000001,10.09,15.11001544,2.893461704,48.63213241,254.9485348,0,21.05916667,72.766,11.64524006,0.1052952579999999,63.8474,0.377759594,11.30215117,0.957,-1.539,-9.950797637,0.695,-89.47080187,0.011,38.63664524,0.349881053,0.056827113,0.047000229,11.84650828,58.12929033,25784716.0,0.0,1273865210.339031,6147526171.0,12762652746.880194,13954516300.824884,1,0,0,28938098.0,441.03288152801866,44.02035027799792,482.21953981995927,225840324945.08804,0.05651184193957996,0.005640556931755943,Hydrocarbons,-1.105,23286232966.602177,1705596270.0008612,11.30215117,0.377759594,0.1052952579999999,11.84650828,10384.299,0,0
3049,VNM,Viet Nam,2019,99.4,32.99040545,11.78452855,0.055241585,0.197,6.3,108.03190089999998,-0.057,10176.85,19.415,22.90495208,2.601555586,36.8031369,2.7958236749999994,0,7.7075,74.211,23.7867165,0.0193784129999998,140.193,0.359969937,0.7244949529999998,0.496,0.039,0.9924148470000002,0.669,5.159252657,0.322,42.46872278,0.572158396,0.139873996,0.291962236,2.500682605,164.704215,33645364.0,435302430.9,478871099.74,625261237.3,4988489023.799837,1184581574.945913,1,0,0,97173776.0,51.33575362760254,4.927986947219176,12.190342124256992,988922942285.6,0.0050443657543938,0.00048423499876869324,Hydrocarbons,-0.066,6465323360.196234,475974331.9,1.1204620710000004,0.383369129,0.090469934,3.260099685,9661.291,0,0
3074,YEM,"Yemen, Rep.",2019,72.8,28.176095854477303,28.74514031,0.029610483,0.868,5.859,5.636719540999998,-1.518,1997.34,7.321999999999999,45.133302126080586,1.842988729,25.44299784,8.104725836,0,22.08333333,66.567,18.402792075900525,0.0,43.399,0.00021259,4.823561531,0.904,-2.771,-5.65568662,0.546,11.78875493,0.066,41.81186184,0.67365104,0.3687437769999999,0.367245734,4.878673918,56.07782272,12256254.0,440287517.1,34547000.0,257857695.9,974998726.8913914,499942386.5101154,1,0,0,35111408.0,27.76871627852097,0.9839252245310128,14.238745040076871,70129419654.72,0.01390284892833517,0.0004926177939314352,Hydrocarbons,-1.428,1102749606.730326,34366981.19,4.823561531,0.00021259,0.0,4.878673918,2004.5930000000008,0,0
3099,ZAF,South Africa,2019,85.0,13.62443969,1.950321145,0.052202106,0.335,8.75,117.1855569,0.154,13688.776,26.698,16.12022051,2.768338919,23.62201528,4.102850755,0,10.125,66.071,12.40089127,1.385761107,162.739,0.0251931119999999,0.3728196879999998,0.444,-0.283,-1.505872616,0.74,5.268415653,0.69,64.34730483,0.664440274,0.191926166,0.158855781,4.187822279,53.89799641,37786302.0,2468917538.0,261158605.08800003,0.0,18808709250.419285,0.0,0,0,0,59587885.0,315.6465320160178,4.38274667892643,0.0,815685210078.76,0.023058784219715318,0.00032017082308355617,Mixed/Low,0.068,23409751702.662224,256670940.017,0.4071065909999998,0.0227641499999999,0.509756015,3.869491488,13850.288,0,0
3124,ZMB,Zambia,2019,43.0,40.41592439,2.8607749370000004,0.042792447,0.499,6.482,15.62618991,-0.49,3372.366,20.413,29.73579541,2.686845064,34.94198122,9.150316443,1,10.29166667,62.914,6.788930097000001,2.1838131580000004,93.0148,0.0,0.0,0.542,-0.117,-2.496947032,0.686,2.469674325,0.49,54.6037591,0.47311312,0.224550053,0.310985774,7.915065395,68.79120494,8051629.0,666541290.5,1123119.734,0.0,3248285903.0862417,0.0,0,1,0,18513839.0,175.45177437733156,0.06066379501301702,0.0,62435441173.074,0.05202631457479157,1.7988496804029282e-05,Industrial Minerals,-0.51,3939882486.148064,1239308.137,0.0,0.0,6.340884663,11.7483463,3425.956,0,0
3149,ZWE,Zimbabwe,2019,46.7,20.5554556,22.70565248,0.05992271,0.685,8.281,3.4280217640000004,-0.921,2270.392,10.826,0.044913003,2.713407516,38.97494595,255.3049908,1,16.18166667,61.06,12.15720733,2.411075929,86.4094,0.0,0.050882519,0.765,-0.943,-1.317386662,0.635,-76.63157616,0.2269999999999999,34.73444865,0.777127624,0.107014582,0.130146831,4.715765458,46.10654427,5525756.0,468198468.7,2636941.922,0.0,977395252.8,0.0,0,0,1,15271368.0,64.00181390429462,0.17267227939238972,0.0,34671991736.256,0.028189763663849517,7.605394988723962e-05,Precious Metals,-1.0,1146440898.028381,3358477.5960000004,0.037859947,0.0,1.646339118,3.3781894470000005,2466.8629999999994,0,0
